timeStamp,elapsed,label,responseCode,responseMessage,threadName,dataType,success,failureMessage,bytes,sentBytes,grpThreads,allThreads,URL,Latency,IdleTime,Connect
1663414751469,170,get_method,200,OK,HW1_50 1-1,text,true,,169,151,5,5,http://162.55.220.72:5005/get_method?name=Elena&age=32,170,0,81
1663414751521,158,get_method,200,OK,HW1_50 1-2,text,true,,169,151,6,6,http://162.55.220.72:5005/get_method?name=Elena&age=32,158,0,77
1663414751552,169,get_method,200,OK,HW1_50 1-3,text,true,,169,151,7,7,http://162.55.220.72:5005/get_method?name=Elena&age=32,169,0,82
1663414751593,169,get_method,200,OK,HW1_50 1-4,text,true,,169,151,8,8,http://162.55.220.72:5005/get_method?name=Elena&age=32,169,0,83
1663414751633,158,get_method,200,OK,HW1_50 1-5,text,true,,169,151,8,8,http://162.55.220.72:5005/get_method?name=Elena&age=32,158,0,76
1663414751639,165,user_info_2,200,OK,HW1_50 1-1,text,true,,464,248,9,9,http://162.55.220.72:5005/user_info_2,165,0,80
1663414751673,169,get_method,200,OK,HW1_50 1-6,text,true,,169,151,10,10,http://162.55.220.72:5005/get_method?name=Elena&age=32,169,0,82
1663414751680,164,user_info_2,200,OK,HW1_50 1-2,text,true,,464,248,10,10,http://162.55.220.72:5005/user_info_2,164,0,80
1663414751713,164,get_method,200,OK,HW1_50 1-7,text,true,,169,151,11,11,http://162.55.220.72:5005/get_method?name=Elena&age=32,164,0,80
1663414751721,170,user_info_2,200,OK,HW1_50 1-3,text,true,,464,248,11,11,http://162.55.220.72:5005/user_info_2,170,0,82
1663414751753,156,get_method,200,OK,HW1_50 1-8,text,true,,169,151,11,11,http://162.55.220.72:5005/get_method?name=Elena&age=32,156,0,77
1663414751762,166,user_info_2,200,OK,HW1_50 1-4,text,true,,464,248,12,12,http://162.55.220.72:5005/user_info_2,166,0,81
1663414751792,167,get_method,200,OK,HW1_50 1-9,text,true,,169,151,13,13,http://162.55.220.72:5005/get_method?name=Elena&age=32,166,0,79
1663414751791,170,user_info_2,200,OK,HW1_50 1-5,text,true,,464,248,13,13,http://162.55.220.72:5005/user_info_2,170,0,82
1663414751804,171,user_info_3,200,OK,HW1_50 1-1,text,true,,370,248,13,13,http://162.55.220.72:5005/user_info_3,170,0,83
1663414751833,166,get_method,200,OK,HW1_50 1-10,text,true,,169,151,14,14,http://162.55.220.72:5005/get_method?name=Elena&age=32,166,0,80
1663414751842,168,user_info_2,200,OK,HW1_50 1-6,text,true,,464,248,14,14,http://162.55.220.72:5005/user_info_2,168,0,80
1663414751845,169,user_info_3,200,OK,HW1_50 1-2,text,true,,370,248,14,14,http://162.55.220.72:5005/user_info_3,169,0,81
1663414751872,171,get_method,200,OK,HW1_50 1-11,text,true,,169,151,15,15,http://162.55.220.72:5005/get_method?name=Elena&age=32,171,0,83
1663414751878,171,user_info_2,200,OK,HW1_50 1-7,text,true,,464,248,15,15,http://162.55.220.72:5005/user_info_2,171,0,83
1663414751891,167,user_info_3,200,OK,HW1_50 1-3,text,true,,370,248,15,15,http://162.55.220.72:5005/user_info_3,167,0,80
1663414751913,162,get_method,200,OK,HW1_50 1-12,text,true,,169,151,16,16,http://162.55.220.72:5005/get_method?name=Elena&age=32,162,0,77
1663414751909,170,user_info_2,200,OK,HW1_50 1-8,text,true,,464,248,16,16,http://162.55.220.72:5005/user_info_2,170,0,80
1663414751928,160,user_info_3,200,OK,HW1_50 1-4,text,true,,370,248,16,16,http://162.55.220.72:5005/user_info_3,160,0,77
1663414751951,169,get_method,200,OK,HW1_50 1-13,text,true,,169,151,17,17,http://162.55.220.72:5005/get_method?name=Elena&age=32,169,0,82
1663414751959,165,user_info_2,200,OK,HW1_50 1-9,text,true,,464,248,17,17,http://162.55.220.72:5005/user_info_2,165,0,80
1663414751961,168,user_info_3,200,OK,HW1_50 1-5,text,true,,370,248,17,17,http://162.55.220.72:5005/user_info_3,168,0,81
1663414751975,169,object_info_1,200,OK,HW1_50 1-1,text,true,,230,164,17,17,http://162.55.220.72:5005/object_info_1?name=Elena&age=32&weight=55,169,0,82
1663414751991,170,get_method,200,OK,HW1_50 1-14,text,true,,169,151,18,18,http://162.55.220.72:5005/get_method?name=Elena&age=32,170,0,83
1663414751999,164,user_info_2,200,OK,HW1_50 1-10,text,true,,464,248,18,18,http://162.55.220.72:5005/user_info_2,164,0,81
1663414752010,163,user_info_3,200,OK,HW1_50 1-6,text,true,,370,248,18,18,http://162.55.220.72:5005/user_info_3,163,0,80
1663414752015,163,object_info_1,200,OK,HW1_50 1-2,text,true,,230,164,18,18,http://162.55.220.72:5005/object_info_1?name=Elena&age=32&weight=55,163,0,80
1663414752031,168,get_method,200,OK,HW1_50 1-15,text,true,,169,151,19,19,http://162.55.220.72:5005/get_method?name=Elena&age=32,167,0,82
1663414752043,156,user_info_2,200,OK,HW1_50 1-11,text,true,,464,248,19,19,http://162.55.220.72:5005/user_info_2,156,0,77
1663414752058,156,object_info_1,200,OK,HW1_50 1-3,text,true,,230,164,19,19,http://162.55.220.72:5005/object_info_1?name=Elena&age=32&weight=55,156,0,76
1663414752049,168,user_info_3,200,OK,HW1_50 1-7,text,true,,370,248,19,19,http://162.55.220.72:5005/user_info_3,168,0,82
1663414752071,156,get_method,200,OK,HW1_50 1-16,text,true,,169,151,19,19,http://162.55.220.72:5005/get_method?name=Elena&age=32,156,0,76
1663414752075,168,user_info_2,200,OK,HW1_50 1-12,text,true,,464,248,20,20,http://162.55.220.72:5005/user_info_2,168,0,82
1663414752079,166,user_info_3,200,OK,HW1_50 1-8,text,true,,370,248,20,20,http://162.55.220.72:5005/user_info_3,166,0,81
1663414752089,170,object_info_1,200,OK,HW1_50 1-4,text,true,,230,164,20,20,http://162.55.220.72:5005/object_info_1?name=Elena&age=32&weight=55,170,0,81
1663414752110,166,get_method,200,OK,HW1_50 1-17,text,true,,169,151,21,21,http://162.55.220.72:5005/get_method?name=Elena&age=32,166,0,81
1663414752124,167,user_info_3,200,OK,HW1_50 1-9,text,true,,370,248,21,21,http://162.55.220.72:5005/user_info_3,167,0,81
1663414752129,165,object_info_1,200,OK,HW1_50 1-5,text,true,,230,164,21,21,http://162.55.220.72:5005/object_info_1?name=Elena&age=32&weight=55,165,0,80
1663414752120,174,user_info_2,200,OK,HW1_50 1-13,text,true,,464,248,21,21,http://162.55.220.72:5005/user_info_2,174,0,83
1663414752144,170,object_info_2,200,OK,HW1_50 1-1,text,true,,464,166,22,22,http://162.55.220.72:5005/object_info_2?name=Elena&age=32&salary=2000,170,0,82
1663414752150,164,get_method,200,OK,HW1_50 1-18,text,true,,169,151,22,22,http://162.55.220.72:5005/get_method?name=Elena&age=32,164,0,80
1663414752161,170,user_info_2,200,OK,HW1_50 1-14,text,true,,464,248,22,22,http://162.55.220.72:5005/user_info_2,170,0,81
1663414752164,170,user_info_3,200,OK,HW1_50 1-10,text,true,,370,248,22,22,http://162.55.220.72:5005/user_info_3,170,0,82
1663414752173,171,object_info_1,200,OK,HW1_50 1-6,text,true,,230,164,22,22,http://162.55.220.72:5005/object_info_1?name=Elena&age=32&weight=55,171,0,83
1663414752179,165,object_info_2,200,OK,HW1_50 1-2,text,true,,464,166,22,22,http://162.55.220.72:5005/object_info_2?name=Elena&age=32&salary=2000,165,0,80
1663414752199,160,user_info_2,200,OK,HW1_50 1-15,text,true,,464,248,23,23,http://162.55.220.72:5005/user_info_2,160,0,77
1663414752191,171,get_method,200,OK,HW1_50 1-19,text,true,,169,151,23,23,http://162.55.220.72:5005/get_method?name=Elena&age=32,170,0,82
1663414752199,169,user_info_3,200,OK,HW1_50 1-11,text,true,,370,248,23,23,http://162.55.220.72:5005/user_info_3,169,0,82
1663414752217,167,object_info_1,200,OK,HW1_50 1-7,text,true,,230,164,23,23,http://162.55.220.72:5005/object_info_1?name=Elena&age=32&weight=55,167,0,80
1663414752214,171,object_info_2,200,OK,HW1_50 1-3,text,true,,464,166,23,23,http://162.55.220.72:5005/object_info_2?name=Elena&age=32&salary=2000,171,0,81
1663414752233,167,user_info_2,200,OK,HW1_50 1-16,text,true,,464,248,24,24,http://162.55.220.72:5005/user_info_2,167,0,81
1663414752229,172,get_method,200,OK,HW1_50 1-20,text,true,,169,151,24,24,http://162.55.220.72:5005/get_method?name=Elena&age=32,172,0,82
1663414752243,166,user_info_3,200,OK,HW1_50 1-12,text,true,,370,248,24,24,http://162.55.220.72:5005/user_info_3,166,0,81
1663414752245,165,object_info_1,200,OK,HW1_50 1-8,text,true,,230,164,24,24,http://162.55.220.72:5005/object_info_1?name=Elena&age=32&weight=55,165,0,81
1663414752259,164,object_info_2,200,OK,HW1_50 1-4,text,true,,464,166,24,24,http://162.55.220.72:5005/object_info_2?name=Elena&age=32&salary=2000,164,0,80
1663414752270,170,get_method,200,OK,HW1_50 1-21,text,true,,169,151,25,25,http://162.55.220.72:5005/get_method?name=Elena&age=32,169,0,83
1663414752276,166,user_info_2,200,OK,HW1_50 1-17,text,true,,464,248,25,25,http://162.55.220.72:5005/user_info_2,166,0,81
1663414752292,170,object_info_1,200,OK,HW1_50 1-9,text,true,,230,164,25,25,http://162.55.220.72:5005/object_info_1?name=Elena&age=32&weight=55,170,0,82
1663414752294,172,object_info_2,200,OK,HW1_50 1-5,text,true,,464,166,25,25,http://162.55.220.72:5005/object_info_2?name=Elena&age=32&salary=2000,172,0,82
1663414752294,175,user_info_3,200,OK,HW1_50 1-13,text,true,,370,248,26,26,http://162.55.220.72:5005/user_info_3,175,0,83
1663414752310,167,get_method,200,OK,HW1_50 1-22,text,true,,169,151,26,26,http://162.55.220.72:5005/get_method?name=Elena&age=32,167,0,82
1663414752314,172,user_info_2,200,OK,HW1_50 1-18,text,true,,464,248,26,26,http://162.55.220.72:5005/user_info_2,172,0,83
1663414752314,172,object_info_3,200,OK,HW1_50 1-1,text,true,,525,166,26,26,http://162.55.220.72:5005/object_info_3?name=Elena&age=32&salary=2000,172,0,82
1663414752332,162,user_info_3,200,OK,HW1_50 1-14,text,true,,370,248,26,26,http://162.55.220.72:5005/user_info_3,162,0,79
1663414752334,164,object_info_1,200,OK,HW1_50 1-10,text,true,,230,164,26,26,http://162.55.220.72:5005/object_info_1?name=Elena&age=32&weight=55,164,0,80
1663414752344,171,object_info_2,200,OK,HW1_50 1-6,text,true,,464,166,27,27,http://162.55.220.72:5005/object_info_2?name=Elena&age=32&salary=2000,171,0,82
1663414752359,158,user_info_3,200,OK,HW1_50 1-15,text,true,,370,248,27,27,http://162.55.220.72:5005/user_info_3,158,0,77
1663414752346,172,object_info_3,200,OK,HW1_50 1-2,text,true,,525,166,27,27,http://162.55.220.72:5005/object_info_3?name=Elena&age=32&salary=2000,172,0,83
1663414752349,170,get_method,200,OK,HW1_50 1-23,text,true,,169,151,27,27,http://162.55.220.72:5005/get_method?name=Elena&age=32,170,0,81
1663414752368,159,object_info_1,200,OK,HW1_50 1-11,text,true,,230,164,27,27,http://162.55.220.72:5005/object_info_1?name=Elena&age=32&weight=55,159,0,77
1663414752362,171,user_info_2,200,OK,HW1_50 1-19,text,true,,464,248,27,27,http://162.55.220.72:5005/user_info_2,170,0,82
1663414752385,169,object_info_3,200,OK,HW1_50 1-3,text,true,,525,166,27,27,http://162.55.220.72:5005/object_info_3?name=Elena&age=32&salary=2000,169,0,81
1663414752384,171,object_info_2,200,OK,HW1_50 1-7,text,true,,464,166,27,27,http://162.55.220.72:5005/object_info_2?name=Elena&age=32&salary=2000,170,0,81
1663414752388,171,get_method,200,OK,HW1_50 1-24,text,true,,169,151,27,27,http://162.55.220.72:5005/get_method?name=Elena&age=32,171,0,83
1663414752400,169,user_info_3,200,OK,HW1_50 1-16,text,true,,370,248,28,28,http://162.55.220.72:5005/user_info_3,169,0,81
1663414752401,170,user_info_2,200,OK,HW1_50 1-20,text,true,,464,248,28,28,http://162.55.220.72:5005/user_info_2,170,0,83
1663414752410,166,object_info_2,200,OK,HW1_50 1-8,text,true,,464,166,28,28,http://162.55.220.72:5005/object_info_2?name=Elena&age=32&salary=2000,166,0,80
1663414752409,168,object_info_1,200,OK,HW1_50 1-12,text,true,,230,164,28,28,http://162.55.220.72:5005/object_info_1?name=Elena&age=32&weight=55,167,0,81
1663414752423,164,object_info_3,200,OK,HW1_50 1-4,text,true,,525,166,28,28,http://162.55.220.72:5005/object_info_3?name=Elena&age=32&salary=2000,164,0,80
1663414752429,164,get_method,200,OK,HW1_50 1-25,text,true,,169,151,28,28,http://162.55.220.72:5005/get_method?name=Elena&age=32,164,0,80
1663414752440,168,user_info_2,200,OK,HW1_50 1-21,text,true,,464,248,29,29,http://162.55.220.72:5005/user_info_2,168,0,80
1663414752442,167,user_info_3,200,OK,HW1_50 1-17,text,true,,370,248,29,29,http://162.55.220.72:5005/user_info_3,167,0,81
1663414752462,165,object_info_2,200,OK,HW1_50 1-9,text,true,,464,166,29,29,http://162.55.220.72:5005/object_info_2?name=Elena&age=32&salary=2000,164,0,81
1663414752469,168,object_info_1,200,OK,HW1_50 1-13,text,true,,230,164,30,30,http://162.55.220.72:5005/object_info_1?name=Elena&age=32&weight=55,168,0,81
1663414752467,173,object_info_3,200,OK,HW1_50 1-5,text,true,,525,166,30,30,http://162.55.220.72:5005/object_info_3?name=Elena&age=32&salary=2000,173,0,83
1663414752477,165,user_info_2,200,OK,HW1_50 1-22,text,true,,464,248,30,30,http://162.55.220.72:5005/user_info_2,165,0,80
1663414752470,172,get_method,200,OK,HW1_50 1-26,text,true,,169,151,30,30,http://162.55.220.72:5005/get_method?name=Elena&age=32,172,0,83
1663414752486,168,user_info_3,200,OK,HW1_50 1-18,text,true,,370,248,30,30,http://162.55.220.72:5005/user_info_3,168,0,80
1663414752486,169,object_info_4,200,OK,HW1_50 1-1,text,true,,237,166,30,30,http://162.55.220.72:5005/object_info_4?name=Elena&age=32&salary=2000,169,0,82
1663414752498,159,object_info_2,200,OK,HW1_50 1-10,text,true,,464,166,30,30,http://162.55.220.72:5005/object_info_2?name=Elena&age=32&salary=2000,159,0,76
1663414752495,166,object_info_1,200,OK,HW1_50 1-14,text,true,,230,164,30,30,http://162.55.220.72:5005/object_info_1?name=Elena&age=32&weight=55,166,0,79
1663414752517,156,object_info_1,200,OK,HW1_50 1-15,text,true,,230,164,31,31,http://162.55.220.72:5005/object_info_1?name=Elena&age=32&weight=55,156,0,76
1663414752515,168,object_info_3,200,OK,HW1_50 1-6,text,true,,525,166,31,31,http://162.55.220.72:5005/object_info_3?name=Elena&age=32&salary=2000,168,0,80
1663414752518,167,object_info_4,200,OK,HW1_50 1-2,text,true,,237,166,31,31,http://162.55.220.72:5005/object_info_4?name=Elena&age=32&salary=2000,167,0,80
1663414752516,174,get_method,200,OK,HW1_50 1-27,text,true,,169,151,31,31,http://162.55.220.72:5005/get_method?name=Elena&age=32,174,0,83
1663414752519,175,user_info_2,200,OK,HW1_50 1-23,text,true,,464,248,31,31,http://162.55.220.72:5005/user_info_2,175,0,80
1663414752533,168,user_info_3,200,OK,HW1_50 1-19,text,true,,370,248,31,31,http://162.55.220.72:5005/user_info_3,168,0,80
1663414752527,176,object_info_2,200,OK,HW1_50 1-11,text,true,,464,166,31,31,http://162.55.220.72:5005/object_info_2?name=Elena&age=32&salary=2000,175,0,82
1663414752587,169,object_info_4,200,OK,HW1_50 1-4,text,true,,237,166,33,33,http://162.55.220.72:5005/object_info_4?name=Elena&age=32&salary=2000,169,0,82
1663414752576,171,object_info_3,200,OK,HW1_50 1-8,text,true,,525,166,32,32,http://162.55.220.72:5005/object_info_3?name=Elena&age=32&salary=2000,171,0,83
1663414752577,168,object_info_2,200,OK,HW1_50 1-12,text,true,,464,166,32,32,http://162.55.220.72:5005/object_info_2?name=Elena&age=32&salary=2000,168,0,80
1663414752572,168,user_info_3,200,OK,HW1_50 1-20,text,true,,370,248,32,32,http://162.55.220.72:5005/user_info_3,168,0,79
1663414752570,169,object_info_1,200,OK,HW1_50 1-16,text,true,,230,164,32,32,http://162.55.220.72:5005/object_info_1?name=Elena&age=32&weight=55,169,0,80
1663414752559,173,user_info_2,200,OK,HW1_50 1-24,text,true,,464,248,32,32,http://162.55.220.72:5005/user_info_2,173,0,83
1663414752563,169,get_method,200,OK,HW1_50 1-28,text,true,,169,151,32,32,http://162.55.220.72:5005/get_method?name=Elena&age=32,169,0,82
1663414752555,176,object_info_4,200,OK,HW1_50 1-3,text,true,,237,166,32,32,http://162.55.220.72:5005/object_info_4?name=Elena&age=32&salary=2000,176,0,83
1663414752555,173,object_info_3,200,OK,HW1_50 1-7,text,true,,525,166,32,32,http://162.55.220.72:5005/object_info_3?name=Elena&age=32&salary=2000,173,0,82
1663414752593,173,user_info_2,200,OK,HW1_50 1-25,text,true,,464,248,33,33,http://162.55.220.72:5005/user_info_2,173,0,82
1663414752595,172,get_method,200,OK,HW1_50 1-29,text,true,,169,151,33,33,http://162.55.220.72:5005/get_method?name=Elena&age=32,172,0,83
1663414752609,172,object_info_1,200,OK,HW1_50 1-17,text,true,,230,164,33,33,http://162.55.220.72:5005/object_info_1?name=Elena&age=32&weight=55,172,0,80
1663414752608,179,user_info_3,200,OK,HW1_50 1-21,text,true,,370,248,34,34,http://162.55.220.72:5005/user_info_3,179,0,83
1663414752637,157,object_info_2,200,OK,HW1_50 1-13,text,true,,464,166,34,34,http://162.55.220.72:5005/object_info_2?name=Elena&age=32&salary=2000,157,0,77
1663414752627,168,object_info_3,200,OK,HW1_50 1-9,text,true,,525,166,34,34,http://162.55.220.72:5005/object_info_3?name=Elena&age=32&salary=2000,168,0,80
1663414752629,170,get_method,200,OK,HW1_50 1-30,text,true,,169,151,34,34,http://162.55.220.72:5005/get_method?name=Elena&age=32,170,0,81
1663414752640,168,object_info_4,200,OK,HW1_50 1-5,text,true,,237,166,34,34,http://162.55.220.72:5005/object_info_4?name=Elena&age=32&salary=2000,168,0,81
1663414752642,167,user_info_3,200,OK,HW1_50 1-22,text,true,,370,248,34,34,http://162.55.220.72:5005/user_info_3,167,0,80
1663414752643,170,user_info_2,200,OK,HW1_50 1-26,text,true,,464,248,34,34,http://162.55.220.72:5005/user_info_2,170,0,82
1663414752656,167,get_method,200,OK,HW1_50 1-1,text,true,,169,151,34,34,http://162.55.220.72:5005/get_method?name=Elena&age=32,167,0,81
1663414752657,173,object_info_3,200,OK,HW1_50 1-10,text,true,,525,166,35,35,http://162.55.220.72:5005/object_info_3?name=Elena&age=32&salary=2000,173,0,81
1663414752661,171,object_info_2,200,OK,HW1_50 1-14,text,true,,464,166,35,35,http://162.55.220.72:5005/object_info_2?name=Elena&age=32&salary=2000,171,0,80
1663414752654,178,object_info_1,200,OK,HW1_50 1-18,text,true,,230,164,35,35,http://162.55.220.72:5005/object_info_1?name=Elena&age=32&weight=55,178,0,83
1663414752673,166,object_info_2,200,OK,HW1_50 1-15,text,true,,464,166,35,35,http://162.55.220.72:5005/object_info_2?name=Elena&age=32&salary=2000,166,0,80
1663414752668,173,get_method,200,OK,HW1_50 1-31,text,true,,169,151,35,35,http://162.55.220.72:5005/get_method?name=Elena&age=32,173,0,83
1663414752686,168,get_method,200,OK,HW1_50 1-2,text,true,,169,151,35,35,http://162.55.220.72:5005/get_method?name=Elena&age=32,168,0,81
1663414752684,172,object_info_4,200,OK,HW1_50 1-6,text,true,,237,166,35,35,http://162.55.220.72:5005/object_info_4?name=Elena&age=32&salary=2000,172,0,82
1663414752690,178,user_info_2,200,OK,HW1_50 1-27,text,true,,464,248,36,36,http://162.55.220.72:5005/user_info_2,178,0,88
1663414752701,170,object_info_1,200,OK,HW1_50 1-19,text,true,,230,164,36,36,http://162.55.220.72:5005/object_info_1?name=Elena&age=32&weight=55,170,0,77
1663414752708,164,get_method,200,OK,HW1_50 1-32,text,true,,169,151,36,36,http://162.55.220.72:5005/get_method?name=Elena&age=32,164,0,80
1663414752694,178,user_info_3,200,OK,HW1_50 1-23,text,true,,370,248,36,36,http://162.55.220.72:5005/user_info_3,178,0,83
1663414752703,172,object_info_3,200,OK,HW1_50 1-11,text,true,,525,166,36,36,http://162.55.220.72:5005/object_info_3?name=Elena&age=32&salary=2000,172,0,82
1663414752749,166,get_method,200,OK,HW1_50 1-33,text,true,,169,151,37,37,http://162.55.220.72:5005/get_method?name=Elena&age=32,166,0,80
1663414752762,173,object_info_3,200,OK,HW1_50 1-12,text,true,,525,166,37,37,http://162.55.220.72:5005/object_info_3?name=Elena&age=32&salary=2000,173,0,81
1663414752762,179,object_info_2,200,OK,HW1_50 1-16,text,true,,464,166,37,37,http://162.55.220.72:5005/object_info_2?name=Elena&age=32&salary=2000,178,0,81
1663414752761,181,get_method,200,OK,HW1_50 1-4,text,true,,169,151,37,37,http://162.55.220.72:5005/get_method?name=Elena&age=32,181,0,81
1663414752762,187,object_info_4,200,OK,HW1_50 1-8,text,true,,237,166,37,37,http://162.55.220.72:5005/object_info_4?name=Elena&age=32&salary=2000,187,0,82
1663414752763,188,get_method,200,OK,HW1_50 1-3,text,true,,169,151,38,38,http://162.55.220.72:5005/get_method?name=Elena&age=32,188,0,81
1663414752763,191,user_info_3,200,OK,HW1_50 1-24,text,true,,370,248,38,38,http://162.55.220.72:5005/user_info_3,191,0,83
1663414752763,191,user_info_2,200,OK,HW1_50 1-28,text,true,,464,248,38,38,http://162.55.220.72:5005/user_info_2,191,0,83
1663414752762,195,object_info_1,200,OK,HW1_50 1-20,text,true,,230,164,38,38,http://162.55.220.72:5005/object_info_1?name=Elena&age=32&weight=55,195,0,84
1663414752763,196,object_info_4,200,OK,HW1_50 1-7,text,true,,237,166,38,38,http://162.55.220.72:5005/object_info_4?name=Elena&age=32&salary=2000,196,0,84
1663414752787,173,object_info_1,200,OK,HW1_50 1-21,text,true,,230,164,38,38,http://162.55.220.72:5005/object_info_1?name=Elena&age=32&weight=55,173,0,81
1663414752788,174,get_method,200,OK,HW1_50 1-34,text,true,,169,151,38,38,http://162.55.220.72:5005/get_method?name=Elena&age=32,174,0,83
1663414752766,197,user_info_3,200,OK,HW1_50 1-25,text,true,,370,248,38,38,http://162.55.220.72:5005/user_info_3,197,0,83
1663414752794,169,object_info_3,200,OK,HW1_50 1-13,text,true,,525,166,38,38,http://162.55.220.72:5005/object_info_3?name=Elena&age=32&salary=2000,169,0,83
1663414752781,182,object_info_2,200,OK,HW1_50 1-17,text,true,,464,166,38,38,http://162.55.220.72:5005/object_info_2?name=Elena&age=32&salary=2000,182,0,81
1663414752768,195,user_info_2,200,OK,HW1_50 1-29,text,true,,464,248,38,38,http://162.55.220.72:5005/user_info_2,195,0,82
1663414752796,169,object_info_4,200,OK,HW1_50 1-9,text,true,,237,166,38,38,http://162.55.220.72:5005/object_info_4?name=Elena&age=32&salary=2000,169,0,82
1663414752800,169,user_info_2,200,OK,HW1_50 1-30,text,true,,464,248,38,38,http://162.55.220.72:5005/user_info_2,169,0,82
1663414752809,165,object_info_1,200,OK,HW1_50 1-22,text,true,,230,164,38,38,http://162.55.220.72:5005/object_info_1?name=Elena&age=32&weight=55,165,0,81
1663414752808,166,get_method,200,OK,HW1_50 1-5,text,true,,169,151,38,38,http://162.55.220.72:5005/get_method?name=Elena&age=32,166,0,81
1663414752813,164,user_info_3,200,OK,HW1_50 1-26,text,true,,370,248,38,38,http://162.55.220.72:5005/user_info_3,164,0,81
1663414752823,166,user_info_2,200,OK,HW1_50 1-1,text,true,,464,248,38,38,http://162.55.220.72:5005/user_info_2,166,0,82
1663414752829,164,get_method,200,OK,HW1_50 1-35,text,true,,169,151,39,39,http://162.55.220.72:5005/get_method?name=Elena&age=32,164,0,80
1663414752833,172,object_info_2,200,OK,HW1_50 1-18,text,true,,464,166,39,39,http://162.55.220.72:5005/object_info_2?name=Elena&age=32&salary=2000,172,0,80
1663414752839,167,object_info_3,200,OK,HW1_50 1-15,text,true,,525,166,39,39,http://162.55.220.72:5005/object_info_3?name=Elena&age=32&salary=2000,167,0,80
1663414752841,167,user_info_2,200,OK,HW1_50 1-31,text,true,,464,248,39,39,http://162.55.220.72:5005/user_info_2,167,0,80
1663414752830,178,object_info_4,200,OK,HW1_50 1-10,text,true,,237,166,39,39,http://162.55.220.72:5005/object_info_4?name=Elena&age=32&salary=2000,178,0,83
1663414752833,176,object_info_3,200,OK,HW1_50 1-14,text,true,,525,166,39,39,http://162.55.220.72:5005/object_info_3?name=Elena&age=32&salary=2000,176,0,81
1663414752856,170,get_method,200,OK,HW1_50 1-6,text,true,,169,151,39,39,http://162.55.220.72:5005/get_method?name=Elena&age=32,170,0,81
1663414752854,173,user_info_2,200,OK,HW1_50 1-2,text,true,,464,248,39,39,http://162.55.220.72:5005/user_info_2,173,0,82
1663414752868,166,user_info_3,200,OK,HW1_50 1-27,text,true,,370,248,40,40,http://162.55.220.72:5005/user_info_3,166,0,80
1663414752869,179,get_method,200,OK,HW1_50 1-36,text,true,,169,151,40,40,http://162.55.220.72:5005/get_method?name=Elena&age=32,179,0,83
1663414752873,176,user_info_2,200,OK,HW1_50 1-32,text,true,,464,248,40,40,http://162.55.220.72:5005/user_info_2,176,0,81
1663414752873,177,object_info_1,200,OK,HW1_50 1-23,text,true,,230,164,40,40,http://162.55.220.72:5005/object_info_1?name=Elena&age=32&weight=55,177,0,81
1663414752875,175,object_info_4,200,OK,HW1_50 1-11,text,true,,237,166,40,40,http://162.55.220.72:5005/object_info_4?name=Elena&age=32&salary=2000,175,0,83
1663414752871,180,object_info_2,200,OK,HW1_50 1-19,text,true,,464,166,40,40,http://162.55.220.72:5005/object_info_2?name=Elena&age=32&salary=2000,180,0,84
1663414752912,169,get_method,200,OK,HW1_50 1-37,text,true,,169,151,41,41,http://162.55.220.72:5005/get_method?name=Elena&age=32,169,0,82
1663414752915,169,user_info_2,200,OK,HW1_50 1-33,text,true,,464,248,41,41,http://162.55.220.72:5005/user_info_2,169,0,83
1663414752935,165,object_info_4,200,OK,HW1_50 1-12,text,true,,237,166,41,41,http://162.55.220.72:5005/object_info_4?name=Elena&age=32&salary=2000,165,0,80
1663414752941,166,object_info_3,200,OK,HW1_50 1-16,text,true,,525,166,41,41,http://162.55.220.72:5005/object_info_3?name=Elena&age=32&salary=2000,166,0,80
1663414752942,168,user_info_2,200,OK,HW1_50 1-4,text,true,,464,248,42,42,http://162.55.220.72:5005/user_info_2,168,0,82
1663414752959,159,get_method,200,OK,HW1_50 1-7,text,true,,169,151,42,42,http://162.55.220.72:5005/get_method?name=Elena&age=32,159,0,76
1663414752951,170,user_info_2,200,OK,HW1_50 1-3,text,true,,464,248,42,42,http://162.55.220.72:5005/user_info_2,170,0,81
1663414752950,171,get_method,200,OK,HW1_50 1-38,text,true,,169,151,42,42,http://162.55.220.72:5005/get_method?name=Elena&age=32,171,0,81
1663414752950,174,get_method,200,OK,HW1_50 1-8,text,true,,169,151,42,42,http://162.55.220.72:5005/get_method?name=Elena&age=32,174,0,80
1663414752957,172,object_info_2,200,OK,HW1_50 1-20,text,true,,464,166,42,42,http://162.55.220.72:5005/object_info_2?name=Elena&age=32&salary=2000,172,0,80
1663414752955,176,object_info_1,200,OK,HW1_50 1-24,text,true,,230,164,42,42,http://162.55.220.72:5005/object_info_1?name=Elena&age=32&weight=55,176,0,82
1663414752955,181,user_info_3,200,OK,HW1_50 1-28,text,true,,370,248,42,42,http://162.55.220.72:5005/user_info_3,181,0,83
1663414752960,179,object_info_2,200,OK,HW1_50 1-21,text,true,,464,166,42,42,http://162.55.220.72:5005/object_info_2?name=Elena&age=32&salary=2000,179,0,83
1663414752962,178,user_info_2,200,OK,HW1_50 1-34,text,true,,464,248,42,42,http://162.55.220.72:5005/user_info_2,178,0,80
1663414752963,177,object_info_4,200,OK,HW1_50 1-13,text,true,,237,166,42,42,http://162.55.220.72:5005/object_info_4?name=Elena&age=32&salary=2000,177,0,81
1663414752963,178,user_info_3,200,OK,HW1_50 1-29,text,true,,370,248,42,42,http://162.55.220.72:5005/user_info_3,178,0,81
1663414752963,180,object_info_3,200,OK,HW1_50 1-17,text,true,,525,166,42,42,http://162.55.220.72:5005/object_info_3?name=Elena&age=32&salary=2000,180,0,82
1663414752969,174,user_info_3,200,OK,HW1_50 1-30,text,true,,370,248,42,42,http://162.55.220.72:5005/user_info_3,174,0,77
1663414752965,179,get_method,200,OK,HW1_50 1-9,text,true,,169,151,42,42,http://162.55.220.72:5005/get_method?name=Elena&age=32,179,0,80
1663414752974,171,object_info_2,200,OK,HW1_50 1-22,text,true,,464,166,42,42,http://162.55.220.72:5005/object_info_2?name=Elena&age=32&salary=2000,171,0,77
1663414752978,172,object_info_1,200,OK,HW1_50 1-26,text,true,,230,164,43,43,http://162.55.220.72:5005/object_info_1?name=Elena&age=32&weight=55,172,0,80
1663414752963,188,object_info_1,200,OK,HW1_50 1-25,text,true,,230,164,43,43,http://162.55.220.72:5005/object_info_1?name=Elena&age=32&weight=55,188,0,84
1663414752974,178,user_info_2,200,OK,HW1_50 1-5,text,true,,464,248,43,43,http://162.55.220.72:5005/user_info_2,178,0,82
1663414752990,166,get_method,200,OK,HW1_50 1-39,text,true,,169,151,43,43,http://162.55.220.72:5005/get_method?name=Elena&age=32,166,0,80
1663414752989,170,user_info_3,200,OK,HW1_50 1-1,text,true,,370,248,43,43,http://162.55.220.72:5005/user_info_3,170,0,83
1663414752993,167,user_info_2,200,OK,HW1_50 1-35,text,true,,464,248,43,43,http://162.55.220.72:5005/user_info_2,167,0,82
1663414753006,171,object_info_4,200,OK,HW1_50 1-15,text,true,,237,166,43,43,http://162.55.220.72:5005/object_info_4?name=Elena&age=32&salary=2000,171,0,80
1663414753008,171,user_info_3,200,OK,HW1_50 1-31,text,true,,370,248,43,43,http://162.55.220.72:5005/user_info_3,171,0,80
1663414753005,174,object_info_3,200,OK,HW1_50 1-18,text,true,,525,166,43,43,http://162.55.220.72:5005/object_info_3?name=Elena&age=32&salary=2000,174,0,80
1663414753009,173,object_info_4,200,OK,HW1_50 1-14,text,true,,237,166,43,43,http://162.55.220.72:5005/object_info_4?name=Elena&age=32&salary=2000,173,0,80
1663414753008,174,get_method,200,OK,HW1_50 1-10,text,true,,169,151,43,43,http://162.55.220.72:5005/get_method?name=Elena&age=32,174,0,81
1663414753026,164,user_info_2,200,OK,HW1_50 1-6,text,true,,464,248,44,44,http://162.55.220.72:5005/user_info_2,164,0,80
1663414753034,166,object_info_1,200,OK,HW1_50 1-27,text,true,,230,164,44,44,http://162.55.220.72:5005/object_info_1?name=Elena&age=32&weight=55,166,0,80
1663414753030,172,get_method,200,OK,HW1_50 1-40,text,true,,169,151,44,44,http://162.55.220.72:5005/get_method?name=Elena&age=32,172,0,83
1663414753028,177,user_info_3,200,OK,HW1_50 1-2,text,true,,370,248,44,44,http://162.55.220.72:5005/user_info_3,177,0,83
1663414753141,176,object_info_1,200,OK,HW1_50 1-29,text,true,,230,164,47,47,http://162.55.220.72:5005/object_info_1?name=Elena&age=32&weight=55,176,0,83
1663414753140,167,user_info_3,200,OK,HW1_50 1-34,text,true,,370,248,46,46,http://162.55.220.72:5005/user_info_3,167,0,81
1663414753140,166,get_method,200,OK,HW1_50 1-13,text,true,,169,151,46,46,http://162.55.220.72:5005/get_method?name=Elena&age=32,166,0,80
1663414753139,164,object_info_3,200,OK,HW1_50 1-21,text,true,,525,166,46,46,http://162.55.220.72:5005/object_info_3?name=Elena&age=32&salary=2000,164,0,80
1663414753136,165,object_info_1,200,OK,HW1_50 1-28,text,true,,230,164,46,46,http://162.55.220.72:5005/object_info_1?name=Elena&age=32&weight=55,165,0,80
1663414753131,168,object_info_2,200,OK,HW1_50 1-24,text,true,,464,166,46,46,http://162.55.220.72:5005/object_info_2?name=Elena&age=32&salary=2000,168,0,82
1663414753124,175,user_info_2,200,OK,HW1_50 1-8,text,true,,464,248,46,46,http://162.55.220.72:5005/user_info_2,175,0,80
1663414753129,169,object_info_3,200,OK,HW1_50 1-20,text,true,,525,166,46,46,http://162.55.220.72:5005/object_info_3?name=Elena&age=32&salary=2000,169,0,80
1663414753121,172,user_info_3,200,OK,HW1_50 1-3,text,true,,370,248,46,46,http://162.55.220.72:5005/user_info_3,171,0,81
1663414753118,173,user_info_2,200,OK,HW1_50 1-7,text,true,,464,248,46,46,http://162.55.220.72:5005/user_info_2,172,0,81
1663414753121,169,user_info_2,200,OK,HW1_50 1-38,text,true,,464,248,46,46,http://162.55.220.72:5005/user_info_2,169,0,80
1663414753107,178,object_info_4,200,OK,HW1_50 1-16,text,true,,237,166,46,46,http://162.55.220.72:5005/object_info_4?name=Elena&age=32&salary=2000,178,0,82
1663414753111,174,user_info_3,200,OK,HW1_50 1-4,text,true,,370,248,46,46,http://162.55.220.72:5005/user_info_3,174,0,80
1663414753109,174,get_method,200,OK,HW1_50 1-42,text,true,,169,151,46,46,http://162.55.220.72:5005/get_method?name=Elena&age=32,174,0,81
1663414753100,170,get_method,200,OK,HW1_50 1-12,text,true,,169,151,46,46,http://162.55.220.72:5005/get_method?name=Elena&age=32,170,0,82
1663414753081,173,user_info_2,200,OK,HW1_50 1-37,text,true,,464,248,45,45,http://162.55.220.72:5005/user_info_2,173,0,82
1663414753084,169,user_info_3,200,OK,HW1_50 1-33,text,true,,370,248,45,45,http://162.55.220.72:5005/user_info_3,169,0,81
1663414753070,172,get_method,200,OK,HW1_50 1-41,text,true,,169,151,45,45,http://162.55.220.72:5005/get_method?name=Elena&age=32,171,0,84
1663414753049,182,user_info_3,200,OK,HW1_50 1-32,text,true,,370,248,45,45,http://162.55.220.72:5005/user_info_3,182,0,84
1663414753050,180,object_info_2,200,OK,HW1_50 1-23,text,true,,464,166,45,45,http://162.55.220.72:5005/object_info_2?name=Elena&age=32&salary=2000,180,0,83
1663414753048,182,user_info_2,200,OK,HW1_50 1-36,text,true,,464,248,45,45,http://162.55.220.72:5005/user_info_2,182,0,84
1663414753050,174,get_method,200,OK,HW1_50 1-11,text,true,,169,151,44,44,http://162.55.220.72:5005/get_method?name=Elena&age=32,174,0,82
1663414753051,172,object_info_3,200,OK,HW1_50 1-19,text,true,,525,166,44,44,http://162.55.220.72:5005/object_info_3?name=Elena&age=32&salary=2000,172,0,81
1663414753144,180,object_info_1,200,OK,HW1_50 1-30,text,true,,230,164,47,47,http://162.55.220.72:5005/object_info_1?name=Elena&age=32&weight=55,180,0,80
1663414753145,182,object_info_3,200,OK,HW1_50 1-22,text,true,,525,166,47,47,http://162.55.220.72:5005/object_info_3?name=Elena&age=32&salary=2000,182,0,81
1663414753145,185,user_info_2,200,OK,HW1_50 1-9,text,true,,464,248,47,47,http://162.55.220.72:5005/user_info_2,185,0,82
1663414753150,181,get_method,200,OK,HW1_50 1-43,text,true,,169,151,47,47,http://162.55.220.72:5005/get_method?name=Elena&age=32,181,0,77
1663414753143,189,object_info_4,200,OK,HW1_50 1-17,text,true,,237,166,47,47,http://162.55.220.72:5005/object_info_4?name=Elena&age=32&salary=2000,189,0,82
1663414753151,183,object_info_2,200,OK,HW1_50 1-25,text,true,,464,166,47,47,http://162.55.220.72:5005/object_info_2?name=Elena&age=32&salary=2000,183,0,82
1663414753150,187,object_info_2,200,OK,HW1_50 1-26,text,true,,464,166,47,47,http://162.55.220.72:5005/object_info_2?name=Elena&age=32&salary=2000,187,0,84
1663414753156,184,user_info_2,200,OK,HW1_50 1-39,text,true,,464,248,47,47,http://162.55.220.72:5005/user_info_2,184,0,81
1663414753153,189,user_info_3,200,OK,HW1_50 1-5,text,true,,370,248,47,47,http://162.55.220.72:5005/user_info_3,189,0,82
1663414753159,184,object_info_1,200,OK,HW1_50 1-1,text,true,,230,164,47,47,http://162.55.220.72:5005/object_info_1?name=Elena&age=32&weight=55,184,0,83
1663414753160,184,user_info_3,200,OK,HW1_50 1-35,text,true,,370,248,47,47,http://162.55.220.72:5005/user_info_3,184,0,82
1663414753177,172,get_method,200,OK,HW1_50 1-15,text,true,,169,151,48,48,http://162.55.220.72:5005/get_method?name=Elena&age=32,172,0,82
1663414753179,172,object_info_4,200,OK,HW1_50 1-18,text,true,,237,166,48,48,http://162.55.220.72:5005/object_info_4?name=Elena&age=32&salary=2000,172,0,81
1663414753179,175,object_info_1,200,OK,HW1_50 1-31,text,true,,230,164,48,48,http://162.55.220.72:5005/object_info_1?name=Elena&age=32&weight=55,175,0,81
1663414753183,171,get_method,200,OK,HW1_50 1-14,text,true,,169,151,48,48,http://162.55.220.72:5005/get_method?name=Elena&age=32,171,0,80
1663414753183,174,user_info_2,200,OK,HW1_50 1-10,text,true,,464,248,48,48,http://162.55.220.72:5005/user_info_2,174,0,82
1663414753190,173,user_info_3,200,OK,HW1_50 1-6,text,true,,370,248,48,48,http://162.55.220.72:5005/user_info_3,173,0,82
1663414753190,173,get_method,200,OK,HW1_50 1-44,text,true,,169,151,48,48,http://162.55.220.72:5005/get_method?name=Elena&age=32,173,0,82
1663414753200,166,object_info_2,200,OK,HW1_50 1-27,text,true,,464,166,48,48,http://162.55.220.72:5005/object_info_2?name=Elena&age=32&salary=2000,166,0,81
1663414753202,168,user_info_2,200,OK,HW1_50 1-40,text,true,,464,248,48,48,http://162.55.220.72:5005/user_info_2,168,0,81
1663414753205,167,object_info_1,200,OK,HW1_50 1-2,text,true,,230,164,48,48,http://162.55.220.72:5005/object_info_1?name=Elena&age=32&weight=55,167,0,80
1663414753229,168,get_method,200,OK,HW1_50 1-45,text,true,,169,151,49,49,http://162.55.220.72:5005/get_method?name=Elena&age=32,168,0,82
1663414753269,167,get_method,200,OK,HW1_50 1-46,text,true,,169,151,50,50,http://162.55.220.72:5005/get_method?name=Elena&age=32,167,0,80
1663414753309,166,get_method,200,OK,HW1_50 1-47,text,true,,169,151,50,50,http://162.55.220.72:5005/get_method?name=Elena&age=32,166,0,80
1663414753321,165,object_info_3,200,OK,HW1_50 1-24,text,true,,525,166,50,50,http://162.55.220.72:5005/object_info_3?name=Elena&age=32&salary=2000,165,0,77
1663414753322,170,object_info_1,200,OK,HW1_50 1-3,text,true,,230,164,50,50,http://162.55.220.72:5005/object_info_1?name=Elena&age=32&weight=55,170,0,76
1663414753320,176,object_info_1,200,OK,HW1_50 1-34,text,true,,230,164,50,50,http://162.55.220.72:5005/object_info_1?name=Elena&age=32&weight=55,176,0,81
1663414753320,177,user_info_2,200,OK,HW1_50 1-13,text,true,,464,248,50,50,http://162.55.220.72:5005/user_info_2,177,0,82
1663414753321,178,object_info_2,200,OK,HW1_50 1-28,text,true,,464,166,50,50,http://162.55.220.72:5005/object_info_2?name=Elena&age=32&salary=2000,178,0,81
1663414753321,179,object_info_4,200,OK,HW1_50 1-20,text,true,,237,166,50,50,http://162.55.220.72:5005/object_info_4?name=Elena&age=32&salary=2000,179,0,82
1663414753320,190,object_info_2,200,OK,HW1_50 1-29,text,true,,464,166,50,50,http://162.55.220.72:5005/object_info_2?name=Elena&age=32&salary=2000,190,0,83
1663414753322,189,object_info_1,200,OK,HW1_50 1-33,text,true,,230,164,50,50,http://162.55.220.72:5005/object_info_1?name=Elena&age=32&weight=55,189,0,82
1663414753323,192,user_info_2,200,OK,HW1_50 1-41,text,true,,464,248,50,50,http://162.55.220.72:5005/user_info_2,192,0,81
1663414753321,195,object_info_4,200,OK,HW1_50 1-21,text,true,,237,166,50,50,http://162.55.220.72:5005/object_info_4?name=Elena&age=32&salary=2000,195,0,82
1663414753323,193,object_info_1,200,OK,HW1_50 1-32,text,true,,230,164,50,50,http://162.55.220.72:5005/object_info_1?name=Elena&age=32&weight=55,193,0,82
1663414753322,199,user_info_3,200,OK,HW1_50 1-37,text,true,,370,248,50,50,http://162.55.220.72:5005/user_info_3,199,0,82
1663414753322,200,user_info_3,200,OK,HW1_50 1-38,text,true,,370,248,50,50,http://162.55.220.72:5005/user_info_3,200,0,82
1663414753321,203,user_info_3,200,OK,HW1_50 1-8,text,true,,370,248,50,50,http://162.55.220.72:5005/user_info_3,203,0,83
1663414753322,209,get_method,200,OK,HW1_50 1-16,text,true,,169,151,50,50,http://162.55.220.72:5005/get_method?name=Elena&age=32,209,0,83
1663414753323,209,user_info_2,200,OK,HW1_50 1-11,text,true,,464,248,50,50,http://162.55.220.72:5005/user_info_2,209,0,82
1663414753322,220,user_info_3,200,OK,HW1_50 1-7,text,true,,370,248,50,50,http://162.55.220.72:5005/user_info_3,220,0,83
1663414753322,222,user_info_2,200,OK,HW1_50 1-12,text,true,,464,248,50,50,http://162.55.220.72:5005/user_info_2,222,0,83
1663414753322,224,object_info_1,200,OK,HW1_50 1-4,text,true,,230,164,50,50,http://162.55.220.72:5005/object_info_1?name=Elena&age=32&weight=55,224,0,84
1663414753323,223,object_info_4,200,OK,HW1_50 1-19,text,true,,237,166,50,50,http://162.55.220.72:5005/object_info_4?name=Elena&age=32&salary=2000,223,0,84
1663414753322,225,user_info_2,200,OK,HW1_50 1-42,text,true,,464,248,50,50,http://162.55.220.72:5005/user_info_2,225,0,84
1663414753323,228,user_info_3,200,OK,HW1_50 1-36,text,true,,370,248,50,50,http://162.55.220.72:5005/user_info_3,228,0,84
1663414753331,223,user_info_2,200,OK,HW1_50 1-43,text,true,,464,248,50,50,http://162.55.220.72:5005/user_info_2,223,0,77
1663414753325,229,object_info_2,200,OK,HW1_50 1-30,text,true,,464,166,50,50,http://162.55.220.72:5005/object_info_2?name=Elena&age=32&salary=2000,229,0,83
1663414753323,231,object_info_3,200,OK,HW1_50 1-23,text,true,,525,166,50,50,http://162.55.220.72:5005/object_info_3?name=Elena&age=32&salary=2000,231,0,84
1663414753330,229,user_info_3,200,OK,HW1_50 1-9,text,true,,370,248,50,50,http://162.55.220.72:5005/user_info_3,229,0,80
1663414753327,235,object_info_4,200,OK,HW1_50 1-22,text,true,,237,166,50,50,http://162.55.220.72:5005/object_info_4?name=Elena&age=32&salary=2000,235,0,82
1663414753332,232,get_method,200,OK,HW1_50 1-17,text,true,,169,151,50,50,http://162.55.220.72:5005/get_method?name=Elena&age=32,232,0,82
1663414753340,225,user_info_3,200,OK,HW1_50 1-39,text,true,,370,248,50,50,http://162.55.220.72:5005/user_info_3,225,0,76
1663414753334,237,object_info_3,200,OK,HW1_50 1-25,text,true,,525,166,50,50,http://162.55.220.72:5005/object_info_3?name=Elena&age=32&salary=2000,237,0,82
1663414753337,236,object_info_3,200,OK,HW1_50 1-26,text,true,,525,166,50,50,http://162.55.220.72:5005/object_info_3?name=Elena&age=32&salary=2000,236,0,83
1663414753343,231,object_info_2,200,OK,HW1_50 1-1,text,true,,464,166,50,50,http://162.55.220.72:5005/object_info_2?name=Elena&age=32&salary=2000,231,0,81
1663414753344,231,object_info_1,200,OK,HW1_50 1-35,text,true,,230,164,50,50,http://162.55.220.72:5005/object_info_1?name=Elena&age=32&weight=55,231,0,81
1663414753342,239,object_info_1,200,OK,HW1_50 1-5,text,true,,230,164,50,50,http://162.55.220.72:5005/object_info_1?name=Elena&age=32&weight=55,239,0,84
1663414753348,233,get_method,200,OK,HW1_50 1-48,text,true,,169,151,50,50,http://162.55.220.72:5005/get_method?name=Elena&age=32,233,0,81
1663414753358,229,user_info_3,200,OK,HW1_50 1-10,text,true,,370,248,50,50,http://162.55.220.72:5005/user_info_3,228,0,75
1663414753349,238,user_info_2,200,OK,HW1_50 1-15,text,true,,464,248,50,50,http://162.55.220.72:5005/user_info_2,238,0,83
1663414753351,243,get_method,200,OK,HW1_50 1-18,text,true,,169,151,50,50,http://162.55.220.72:5005/get_method?name=Elena&age=32,243,0,83
1663414753354,241,user_info_2,200,OK,HW1_50 1-14,text,true,,464,248,50,50,http://162.55.220.72:5005/user_info_2,241,0,81
1663414753354,241,object_info_2,200,OK,HW1_50 1-31,text,true,,464,166,50,50,http://162.55.220.72:5005/object_info_2?name=Elena&age=32&salary=2000,241,0,81
1663414753363,235,object_info_1,200,OK,HW1_50 1-6,text,true,,230,164,50,50,http://162.55.220.72:5005/object_info_1?name=Elena&age=32&weight=55,235,0,81
1663414753363,240,user_info_2,200,OK,HW1_50 1-44,text,true,,464,248,50,50,http://162.55.220.72:5005/user_info_2,240,0,82
1663414753366,238,object_info_3,200,OK,HW1_50 1-27,text,true,,525,166,50,50,http://162.55.220.72:5005/object_info_3?name=Elena&age=32&salary=2000,238,0,83
1663414753370,235,user_info_3,200,OK,HW1_50 1-40,text,true,,370,248,50,50,http://162.55.220.72:5005/user_info_3,235,0,81
1663414753372,234,object_info_2,200,OK,HW1_50 1-2,text,true,,464,166,50,50,http://162.55.220.72:5005/object_info_2?name=Elena&age=32&salary=2000,234,0,81
1663414753388,225,get_method,200,OK,HW1_50 1-49,text,true,,169,151,50,50,http://162.55.220.72:5005/get_method?name=Elena&age=32,225,0,83
1663414753436,178,user_info_2,200,OK,HW1_50 1-46,text,true,,464,248,50,50,http://162.55.220.72:5005/user_info_2,178,0,77
1663414753397,221,user_info_2,200,OK,HW1_50 1-45,text,true,,464,248,50,50,http://162.55.220.72:5005/user_info_2,221,0,82
1663414753428,194,get_method,200,OK,HW1_50 1-50,text,true,,169,151,50,50,http://162.55.220.72:5005/get_method?name=Elena&age=32,194,0,83
1663414753475,167,user_info_2,200,OK,HW1_50 1-47,text,true,,464,248,50,50,http://162.55.220.72:5005/user_info_2,167,0,81
1663414753486,164,object_info_4,200,OK,HW1_50 1-24,text,true,,237,166,50,50,http://162.55.220.72:5005/object_info_4?name=Elena&age=32&salary=2000,164,0,80
1663414753492,170,object_info_2,200,OK,HW1_50 1-3,text,true,,464,166,50,50,http://162.55.220.72:5005/object_info_2?name=Elena&age=32&salary=2000,170,0,82
1663414753496,175,object_info_2,200,OK,HW1_50 1-34,text,true,,464,166,50,50,http://162.55.220.72:5005/object_info_2?name=Elena&age=32&salary=2000,175,0,82
1663414753497,174,user_info_3,200,OK,HW1_50 1-13,text,true,,370,248,50,50,http://162.55.220.72:5005/user_info_3,174,0,81
1663414753500,175,get_method,200,OK,HW1_50 1-20,text,true,,169,151,50,50,http://162.55.220.72:5005/get_method?name=Elena&age=32,175,0,83
1663414753499,176,object_info_3,200,OK,HW1_50 1-28,text,true,,525,166,50,50,http://162.55.220.72:5005/object_info_3?name=Elena&age=32&salary=2000,176,0,83
1663414753510,170,object_info_3,200,OK,HW1_50 1-29,text,true,,525,166,50,50,http://162.55.220.72:5005/object_info_3?name=Elena&age=32&salary=2000,170,0,83
1663414753516,166,object_info_2,200,OK,HW1_50 1-32,text,true,,464,166,50,50,http://162.55.220.72:5005/object_info_2?name=Elena&age=32&salary=2000,165,0,81
1663414753511,172,object_info_2,200,OK,HW1_50 1-33,text,true,,464,166,50,50,http://162.55.220.72:5005/object_info_2?name=Elena&age=32&salary=2000,172,0,84
1663414753515,170,user_info_3,200,OK,HW1_50 1-41,text,true,,370,248,50,50,http://162.55.220.72:5005/user_info_3,170,0,84
1663414753516,169,get_method,200,OK,HW1_50 1-21,text,true,,169,151,50,50,http://162.55.220.72:5005/get_method?name=Elena&age=32,169,0,83
1663414753521,168,object_info_1,200,OK,HW1_50 1-37,text,true,,230,164,50,50,http://162.55.220.72:5005/object_info_1?name=Elena&age=32&weight=55,168,0,81
1663414753522,169,object_info_1,200,OK,HW1_50 1-38,text,true,,230,164,50,50,http://162.55.220.72:5005/object_info_1?name=Elena&age=32&weight=55,169,0,81
1663414753525,166,object_info_1,200,OK,HW1_50 1-8,text,true,,230,164,50,50,http://162.55.220.72:5005/object_info_1?name=Elena&age=32&weight=55,166,0,82
1663414753532,165,user_info_3,200,OK,HW1_50 1-11,text,true,,370,248,50,50,http://162.55.220.72:5005/user_info_3,165,0,81
1663414753544,169,user_info_3,200,OK,HW1_50 1-12,text,true,,370,248,50,50,http://162.55.220.72:5005/user_info_3,169,0,80
1663414753531,184,user_info_2,200,OK,HW1_50 1-16,text,true,,464,248,50,50,http://162.55.220.72:5005/user_info_2,183,0,83
1663414753542,175,object_info_1,200,OK,HW1_50 1-7,text,true,,230,164,50,50,http://162.55.220.72:5005/object_info_1?name=Elena&age=32&weight=55,175,0,83
1663414753546,172,object_info_2,200,OK,HW1_50 1-4,text,true,,464,166,50,50,http://162.55.220.72:5005/object_info_2?name=Elena&age=32&salary=2000,172,0,79
1663414753547,174,user_info_3,200,OK,HW1_50 1-42,text,true,,370,248,50,50,http://162.55.220.72:5005/user_info_3,174,0,81
1663414753555,166,object_info_3,200,OK,HW1_50 1-30,text,true,,525,166,50,50,http://162.55.220.72:5005/object_info_3?name=Elena&age=32&salary=2000,166,0,76
1663414753547,177,get_method,200,OK,HW1_50 1-19,text,true,,169,151,50,50,http://162.55.220.72:5005/get_method?name=Elena&age=32,176,0,82
1663414753662,168,object_info_3,200,OK,HW1_50 1-3,text,true,,525,166,50,50,http://162.55.220.72:5005/object_info_3?name=Elena&age=32&salary=2000,168,0,82
1663414753651,165,get_method,200,OK,HW1_50 1-24,text,true,,169,151,50,50,http://162.55.220.72:5005/get_method?name=Elena&age=32,165,0,80
1663414753642,169,user_info_3,200,OK,HW1_50 1-47,text,true,,370,248,50,50,http://162.55.220.72:5005/user_info_3,169,0,82
1663414753613,181,user_info_2,200,OK,HW1_50 1-49,text,true,,464,248,50,50,http://162.55.220.72:5005/user_info_2,181,0,83
1663414753605,188,object_info_1,200,OK,HW1_50 1-40,text,true,,230,164,50,50,http://162.55.220.72:5005/object_info_1?name=Elena&age=32&weight=55,188,0,84
1663414753622,171,user_info_2,200,OK,HW1_50 1-50,text,true,,464,248,50,50,http://162.55.220.72:5005/user_info_2,171,0,80
1663414753618,174,user_info_3,200,OK,HW1_50 1-45,text,true,,370,248,50,50,http://162.55.220.72:5005/user_info_3,174,0,81
1663414753615,176,user_info_3,200,OK,HW1_50 1-46,text,true,,370,248,50,50,http://162.55.220.72:5005/user_info_3,176,0,80
1663414753604,174,object_info_4,200,OK,HW1_50 1-27,text,true,,237,166,50,50,http://162.55.220.72:5005/object_info_4?name=Elena&age=32&salary=2000,174,0,83
1663414753606,171,object_info_3,200,OK,HW1_50 1-2,text,true,,525,166,50,50,http://162.55.220.72:5005/object_info_3?name=Elena&age=32&salary=2000,171,0,81
1663414753598,175,object_info_2,200,OK,HW1_50 1-6,text,true,,464,166,50,50,http://162.55.220.72:5005/object_info_2?name=Elena&age=32&salary=2000,175,0,83
1663414753595,175,object_info_3,200,OK,HW1_50 1-31,text,true,,525,166,50,50,http://162.55.220.72:5005/object_info_3?name=Elena&age=32&salary=2000,175,0,82
1663414753594,176,user_info_2,200,OK,HW1_50 1-18,text,true,,464,248,50,50,http://162.55.220.72:5005/user_info_2,176,0,83
1663414753595,169,user_info_3,200,OK,HW1_50 1-14,text,true,,370,248,50,50,http://162.55.220.72:5005/user_info_3,169,0,81
1663414753603,161,user_info_3,200,OK,HW1_50 1-44,text,true,,370,248,50,50,http://162.55.220.72:5005/user_info_3,161,0,77
1663414753587,168,user_info_3,200,OK,HW1_50 1-15,text,true,,370,248,50,50,http://162.55.220.72:5005/user_info_3,168,0,81
1663414753587,168,object_info_1,200,OK,HW1_50 1-10,text,true,,230,164,50,50,http://162.55.220.72:5005/object_info_1?name=Elena&age=32&weight=55,168,0,80
1663414753582,170,user_info_2,200,OK,HW1_50 1-48,text,true,,464,248,50,50,http://162.55.220.72:5005/user_info_2,170,0,82
1663414753581,168,object_info_2,200,OK,HW1_50 1-5,text,true,,464,166,50,50,http://162.55.220.72:5005/object_info_2?name=Elena&age=32&salary=2000,168,0,81
1663414753574,175,object_info_3,200,OK,HW1_50 1-1,text,true,,525,166,50,50,http://162.55.220.72:5005/object_info_3?name=Elena&age=32&salary=2000,175,0,83
1663414753573,173,object_info_4,200,OK,HW1_50 1-26,text,true,,237,166,50,50,http://162.55.220.72:5005/object_info_4?name=Elena&age=32&salary=2000,173,0,83
1663414753575,166,object_info_2,200,OK,HW1_50 1-35,text,true,,464,166,50,50,http://162.55.220.72:5005/object_info_2?name=Elena&age=32&salary=2000,166,0,80
1663414753565,175,object_info_1,200,OK,HW1_50 1-39,text,true,,230,164,50,50,http://162.55.220.72:5005/object_info_1?name=Elena&age=32&weight=55,175,0,82
1663414753572,167,object_info_4,200,OK,HW1_50 1-25,text,true,,237,166,50,50,http://162.55.220.72:5005/object_info_4?name=Elena&age=32&salary=2000,167,0,80
1663414753564,171,user_info_2,200,OK,HW1_50 1-17,text,true,,464,248,50,50,http://162.55.220.72:5005/user_info_2,170,0,80
1663414753554,178,user_info_3,200,OK,HW1_50 1-43,text,true,,370,248,50,50,http://162.55.220.72:5005/user_info_3,178,0,83
1663414753559,173,object_info_1,200,OK,HW1_50 1-9,text,true,,230,164,50,50,http://162.55.220.72:5005/object_info_1?name=Elena&age=32&weight=55,173,0,81
1663414753562,167,get_method,200,OK,HW1_50 1-22,text,true,,169,151,50,50,http://162.55.220.72:5005/get_method?name=Elena&age=32,166,0,76
1663414753555,173,object_info_4,200,OK,HW1_50 1-23,text,true,,237,166,50,50,http://162.55.220.72:5005/object_info_4?name=Elena&age=32&salary=2000,173,0,80
1663414753551,175,object_info_1,200,OK,HW1_50 1-36,text,true,,230,164,50,50,http://162.55.220.72:5005/object_info_1?name=Elena&age=32&weight=55,175,0,83
1663414753671,173,object_info_3,200,OK,HW1_50 1-34,text,true,,525,166,50,50,http://162.55.220.72:5005/object_info_3?name=Elena&age=32&salary=2000,173,0,81
1663414753683,164,object_info_3,200,OK,HW1_50 1-33,text,true,,525,166,50,50,http://162.55.220.72:5005/object_info_3?name=Elena&age=32&salary=2000,164,0,76
1663414753671,177,object_info_1,200,OK,HW1_50 1-13,text,true,,230,164,50,50,http://162.55.220.72:5005/object_info_1?name=Elena&age=32&weight=55,177,0,83
1663414753681,168,object_info_4,200,OK,HW1_50 1-29,text,true,,237,166,50,50,http://162.55.220.72:5005/object_info_4?name=Elena&age=32&salary=2000,168,0,77
1663414753675,175,user_info_2,200,OK,HW1_50 1-20,text,true,,464,248,50,50,http://162.55.220.72:5005/user_info_2,175,0,82
1663414753675,176,object_info_4,200,OK,HW1_50 1-28,text,true,,237,166,50,50,http://162.55.220.72:5005/object_info_4?name=Elena&age=32&salary=2000,176,0,83
1663414753685,173,object_info_1,200,OK,HW1_50 1-41,text,true,,230,164,50,50,http://162.55.220.72:5005/object_info_1?name=Elena&age=32&weight=55,173,0,81
1663414753682,177,object_info_3,200,OK,HW1_50 1-32,text,true,,525,166,50,50,http://162.55.220.72:5005/object_info_3?name=Elena&age=32&salary=2000,177,0,84
1663414753685,176,user_info_2,200,OK,HW1_50 1-21,text,true,,464,248,50,50,http://162.55.220.72:5005/user_info_2,176,0,82
1663414753690,171,object_info_2,200,OK,HW1_50 1-37,text,true,,464,166,50,50,http://162.55.220.72:5005/object_info_2?name=Elena&age=32&salary=2000,171,0,81
1663414753691,171,object_info_2,200,OK,HW1_50 1-38,text,true,,464,166,50,50,http://162.55.220.72:5005/object_info_2?name=Elena&age=32&salary=2000,171,0,81
1663414753691,173,object_info_2,200,OK,HW1_50 1-8,text,true,,464,166,50,50,http://162.55.220.72:5005/object_info_2?name=Elena&age=32&salary=2000,173,0,83
1663414753698,167,object_info_1,200,OK,HW1_50 1-11,text,true,,230,164,50,50,http://162.55.220.72:5005/object_info_1?name=Elena&age=32&weight=55,167,0,81
1663414753713,161,object_info_1,200,OK,HW1_50 1-12,text,true,,230,164,50,50,http://162.55.220.72:5005/object_info_1?name=Elena&age=32&weight=55,161,0,77
1663414753715,159,user_info_3,200,OK,HW1_50 1-16,text,true,,370,248,50,50,http://162.55.220.72:5005/user_info_3,159,0,77
1663414753724,163,user_info_2,200,OK,HW1_50 1-19,text,true,,464,248,50,50,http://162.55.220.72:5005/user_info_2,163,0,76
1663414753719,170,object_info_3,200,OK,HW1_50 1-4,text,true,,525,166,50,50,http://162.55.220.72:5005/object_info_3?name=Elena&age=32&salary=2000,170,0,80
1663414753717,173,object_info_2,200,OK,HW1_50 1-7,text,true,,464,166,50,50,http://162.55.220.72:5005/object_info_2?name=Elena&age=32&salary=2000,173,0,82
1663414753721,170,object_info_1,200,OK,HW1_50 1-42,text,true,,230,164,50,50,http://162.55.220.72:5005/object_info_1?name=Elena&age=32&weight=55,170,0,81
1663414753721,170,object_info_4,200,OK,HW1_50 1-30,text,true,,237,166,50,50,http://162.55.220.72:5005/object_info_4?name=Elena&age=32&salary=2000,170,0,81
1663414753839,165,user_info_3,200,OK,HW1_50 1-18,text,true,,370,248,50,50,http://162.55.220.72:5005/user_info_3,165,0,77
1663414753840,165,object_info_4,200,OK,HW1_50 1-1,text,true,,237,166,50,50,http://162.55.220.72:5005/object_info_4?name=Elena&age=32&salary=2000,165,0,77
1663414753837,177,object_info_1,200,OK,HW1_50 1-47,text,true,,230,164,49,49,http://162.55.220.72:5005/object_info_1?name=Elena&age=32&weight=55,177,0,80
1663414753837,181,user_info_2,200,OK,HW1_50 1-24,text,true,,464,248,49,49,http://162.55.220.72:5005/user_info_2,181,0,81
1663414753838,181,user_info_3,200,OK,HW1_50 1-49,text,true,,370,248,49,49,http://162.55.220.72:5005/user_info_3,181,0,80
1663414753837,183,object_info_4,200,OK,HW1_50 1-3,text,true,,237,166,49,49,http://162.55.220.72:5005/object_info_4?name=Elena&age=32&salary=2000,183,0,81
1663414753838,184,user_info_3,200,OK,HW1_50 1-50,text,true,,370,248,48,48,http://162.55.220.72:5005/user_info_3,184,0,81
1663414753838,185,object_info_1,200,OK,HW1_50 1-45,text,true,,230,164,48,48,http://162.55.220.72:5005/object_info_1?name=Elena&age=32&weight=55,185,0,82
1663414753838,186,object_info_1,200,OK,HW1_50 1-46,text,true,,230,164,48,48,http://162.55.220.72:5005/object_info_1?name=Elena&age=32&weight=55,186,0,82
1663414753840,186,object_info_1,200,OK,HW1_50 1-15,text,true,,230,164,48,48,http://162.55.220.72:5005/object_info_1?name=Elena&age=32&weight=55,186,0,81
1663414753839,187,object_info_4,200,OK,HW1_50 1-31,text,true,,237,166,48,48,http://162.55.220.72:5005/object_info_4?name=Elena&age=32&salary=2000,187,0,82
1663414753838,191,object_info_2,200,OK,HW1_50 1-40,text,true,,464,166,48,48,http://162.55.220.72:5005/object_info_2?name=Elena&age=32&salary=2000,190,0,83
1663414753840,189,object_info_1,200,OK,HW1_50 1-44,text,true,,230,164,48,48,http://162.55.220.72:5005/object_info_1?name=Elena&age=32&weight=55,189,0,81
1663414753840,192,object_info_3,200,OK,HW1_50 1-5,text,true,,525,166,48,48,http://162.55.220.72:5005/object_info_3?name=Elena&age=32&salary=2000,192,0,81
1663414753839,194,object_info_4,200,OK,HW1_50 1-2,text,true,,237,166,48,48,http://162.55.220.72:5005/object_info_4?name=Elena&age=32&salary=2000,194,0,82
1663414753840,198,user_info_3,200,OK,HW1_50 1-48,text,true,,370,248,47,47,http://162.55.220.72:5005/user_info_3,198,0,82
1663414753841,198,object_info_2,200,OK,HW1_50 1-9,text,true,,464,166,47,47,http://162.55.220.72:5005/object_info_2?name=Elena&age=32&salary=2000,198,0,81
1663414753841,199,get_method,200,OK,HW1_50 1-25,text,true,,169,151,47,47,http://162.55.220.72:5005/get_method?name=Elena&age=32,198,0,81
1663414753839,201,get_method,200,OK,HW1_50 1-27,text,true,,169,151,47,47,http://162.55.220.72:5005/get_method?name=Elena&age=32,200,0,83
1663414753840,201,get_method,200,OK,HW1_50 1-26,text,true,,169,151,47,47,http://162.55.220.72:5005/get_method?name=Elena&age=32,201,0,82
1663414753839,203,object_info_1,200,OK,HW1_50 1-14,text,true,,230,164,47,47,http://162.55.220.72:5005/object_info_1?name=Elena&age=32&weight=55,203,0,83
1663414753841,203,object_info_1,200,OK,HW1_50 1-43,text,true,,230,164,47,47,http://162.55.220.72:5005/object_info_1?name=Elena&age=32&weight=55,202,0,82
1663414753842,203,object_info_2,200,OK,HW1_50 1-36,text,true,,464,166,47,47,http://162.55.220.72:5005/object_info_2?name=Elena&age=32&salary=2000,203,0,81
1663414753841,205,object_info_3,200,OK,HW1_50 1-35,text,true,,525,166,47,47,http://162.55.220.72:5005/object_info_3?name=Elena&age=32&salary=2000,204,0,82
1663414753839,207,object_info_3,200,OK,HW1_50 1-6,text,true,,525,166,47,47,http://162.55.220.72:5005/object_info_3?name=Elena&age=32&salary=2000,207,0,83
1663414753841,205,user_info_3,200,OK,HW1_50 1-17,text,true,,370,248,47,47,http://162.55.220.72:5005/user_info_3,205,0,82
1663414753842,207,get_method,200,OK,HW1_50 1-23,text,true,,169,151,47,47,http://162.55.220.72:5005/get_method?name=Elena&age=32,207,0,81
1663414753840,214,object_info_2,200,OK,HW1_50 1-10,text,true,,464,166,47,47,http://162.55.220.72:5005/object_info_2?name=Elena&age=32&salary=2000,214,0,83
1663414753842,213,user_info_2,200,OK,HW1_50 1-22,text,true,,464,248,47,47,http://162.55.220.72:5005/user_info_2,213,0,83
1663414753841,216,object_info_2,200,OK,HW1_50 1-39,text,true,,464,166,47,47,http://162.55.220.72:5005/object_info_2?name=Elena&age=32&salary=2000,216,0,83
1663414753848,209,object_info_4,200,OK,HW1_50 1-33,text,true,,237,166,47,47,http://162.55.220.72:5005/object_info_4?name=Elena&age=32&salary=2000,209,0,80
1663414753844,213,object_info_4,200,OK,HW1_50 1-34,text,true,,237,166,47,47,http://162.55.220.72:5005/object_info_4?name=Elena&age=32&salary=2000,213,0,82
1663414753848,213,object_info_2,200,OK,HW1_50 1-13,text,true,,464,166,47,47,http://162.55.220.72:5005/object_info_2?name=Elena&age=32&salary=2000,213,0,81
1663414753850,211,user_info_3,200,OK,HW1_50 1-20,text,true,,370,248,47,47,http://162.55.220.72:5005/user_info_3,211,0,82
1663414753849,213,get_method,200,OK,HW1_50 1-29,text,true,,169,151,47,47,http://162.55.220.72:5005/get_method?name=Elena&age=32,213,0,83
1663414753861,203,object_info_3,200,OK,HW1_50 1-37,text,true,,525,166,47,47,http://162.55.220.72:5005/object_info_3?name=Elena&age=32&salary=2000,203,0,80
1663414753851,215,get_method,200,OK,HW1_50 1-28,text,true,,169,151,47,47,http://162.55.220.72:5005/get_method?name=Elena&age=32,215,0,83
1663414753858,208,object_info_2,200,OK,HW1_50 1-41,text,true,,464,166,47,47,http://162.55.220.72:5005/object_info_2?name=Elena&age=32&salary=2000,208,0,82
1663414753859,211,object_info_4,200,OK,HW1_50 1-32,text,true,,237,166,47,47,http://162.55.220.72:5005/object_info_4?name=Elena&age=32&salary=2000,211,0,83
1663414753865,206,object_info_2,200,OK,HW1_50 1-11,text,true,,464,166,47,47,http://162.55.220.72:5005/object_info_2?name=Elena&age=32&salary=2000,206,0,81
1663414753862,209,object_info_3,200,OK,HW1_50 1-38,text,true,,525,166,47,47,http://162.55.220.72:5005/object_info_3?name=Elena&age=32&salary=2000,209,0,82
1663414753861,212,user_info_3,200,OK,HW1_50 1-21,text,true,,370,248,47,47,http://162.55.220.72:5005/user_info_3,212,0,83
1663414753865,209,object_info_3,200,OK,HW1_50 1-8,text,true,,525,166,47,47,http://162.55.220.72:5005/object_info_3?name=Elena&age=32&salary=2000,209,0,81
1663414753874,202,object_info_2,200,OK,HW1_50 1-12,text,true,,464,166,47,47,http://162.55.220.72:5005/object_info_2?name=Elena&age=32&salary=2000,202,0,82
1663414753874,204,object_info_1,200,OK,HW1_50 1-16,text,true,,230,164,47,47,http://162.55.220.72:5005/object_info_1?name=Elena&age=32&weight=55,204,0,83
1663414753887,193,user_info_3,200,OK,HW1_50 1-19,text,true,,370,248,47,47,http://162.55.220.72:5005/user_info_3,192,0,80
1663414753890,190,object_info_3,200,OK,HW1_50 1-7,text,true,,525,166,47,47,http://162.55.220.72:5005/object_info_3?name=Elena&age=32&salary=2000,190,0,80
1663414753891,191,object_info_2,200,OK,HW1_50 1-42,text,true,,464,166,47,47,http://162.55.220.72:5005/object_info_2?name=Elena&age=32&salary=2000,191,0,80
1663414753889,193,object_info_4,200,OK,HW1_50 1-4,text,true,,237,166,47,47,http://162.55.220.72:5005/object_info_4?name=Elena&age=32&salary=2000,193,0,82
1663414753891,192,get_method,200,OK,HW1_50 1-30,text,true,,169,151,46,46,http://162.55.220.72:5005/get_method?name=Elena&age=32,192,0,81
1663414754004,169,object_info_1,200,OK,HW1_50 1-18,text,true,,230,164,46,46,http://162.55.220.72:5005/object_info_1?name=Elena&age=32&weight=55,169,0,82
1663414754014,164,object_info_2,200,OK,HW1_50 1-47,text,true,,464,166,46,46,http://162.55.220.72:5005/object_info_2?name=Elena&age=32&salary=2000,164,0,80
1663414754019,182,object_info_1,200,OK,HW1_50 1-49,text,true,,230,164,46,46,http://162.55.220.72:5005/object_info_1?name=Elena&age=32&weight=55,182,0,81
1663414754022,179,object_info_1,200,OK,HW1_50 1-50,text,true,,230,164,46,46,http://162.55.220.72:5005/object_info_1?name=Elena&age=32&weight=55,179,0,81
1663414754018,183,user_info_3,200,OK,HW1_50 1-24,text,true,,370,248,46,46,http://162.55.220.72:5005/user_info_3,183,0,83
1663414754023,180,object_info_2,200,OK,HW1_50 1-45,text,true,,464,166,46,46,http://162.55.220.72:5005/object_info_2?name=Elena&age=32&salary=2000,180,0,81
1663414754026,184,object_info_2,200,OK,HW1_50 1-15,text,true,,464,166,46,46,http://162.55.220.72:5005/object_info_2?name=Elena&age=32&salary=2000,184,0,82
1663414754026,184,get_method,200,OK,HW1_50 1-31,text,true,,169,151,46,46,http://162.55.220.72:5005/get_method?name=Elena&age=32,184,0,80
1663414754024,189,object_info_2,200,OK,HW1_50 1-46,text,true,,464,166,46,46,http://162.55.220.72:5005/object_info_2?name=Elena&age=32&salary=2000,189,0,82
1663414754029,185,object_info_2,200,OK,HW1_50 1-44,text,true,,464,166,46,46,http://162.55.220.72:5005/object_info_2?name=Elena&age=32&salary=2000,184,0,82
1663414754039,176,object_info_3,200,OK,HW1_50 1-9,text,true,,525,166,46,46,http://162.55.220.72:5005/object_info_3?name=Elena&age=32&salary=2000,176,0,76
1663414754032,184,object_info_4,200,OK,HW1_50 1-5,text,true,,237,166,46,46,http://162.55.220.72:5005/object_info_4?name=Elena&age=32&salary=2000,184,0,82
1663414754029,192,object_info_3,200,OK,HW1_50 1-40,text,true,,525,166,45,45,http://162.55.220.72:5005/object_info_3?name=Elena&age=32&salary=2000,192,0,83
1663414754040,185,user_info_2,200,OK,HW1_50 1-25,text,true,,464,248,45,45,http://162.55.220.72:5005/user_info_2,185,0,76
1663414754038,192,object_info_1,200,OK,HW1_50 1-48,text,true,,230,164,45,45,http://162.55.220.72:5005/object_info_1?name=Elena&age=32&weight=55,192,0,81
1663414754042,188,object_info_2,200,OK,HW1_50 1-14,text,true,,464,166,45,45,http://162.55.220.72:5005/object_info_2?name=Elena&age=32&salary=2000,188,0,81
1663414754040,192,user_info_2,200,OK,HW1_50 1-27,text,true,,464,248,45,45,http://162.55.220.72:5005/user_info_2,192,0,80
1663414754044,193,object_info_2,200,OK,HW1_50 1-43,text,true,,464,166,45,45,http://162.55.220.72:5005/object_info_2?name=Elena&age=32&salary=2000,193,0,82
1663414754041,196,user_info_2,200,OK,HW1_50 1-26,text,true,,464,248,45,45,http://162.55.220.72:5005/user_info_2,196,0,82
1663414754237,172,user_info_3,200,OK,HW1_50 1-26,text,true,,370,248,45,45,http://162.55.220.72:5005/user_info_3,172,0,81
1663414754230,180,object_info_2,200,OK,HW1_50 1-48,text,true,,464,166,45,45,http://162.55.220.72:5005/object_info_2?name=Elena&age=32&salary=2000,180,0,82
1663414754237,172,object_info_3,200,OK,HW1_50 1-43,text,true,,525,166,45,45,http://162.55.220.72:5005/object_info_3?name=Elena&age=32&salary=2000,172,0,80
1663414754232,172,user_info_3,200,OK,HW1_50 1-27,text,true,,370,248,45,45,http://162.55.220.72:5005/user_info_3,172,0,81
1663414754230,173,object_info_3,200,OK,HW1_50 1-14,text,true,,525,166,45,45,http://162.55.220.72:5005/object_info_3?name=Elena&age=32&salary=2000,173,0,81
1663414754225,169,user_info_3,200,OK,HW1_50 1-25,text,true,,370,248,45,45,http://162.55.220.72:5005/user_info_3,169,0,82
1663414754215,176,object_info_4,200,OK,HW1_50 1-9,text,true,,237,166,45,45,http://162.55.220.72:5005/object_info_4?name=Elena&age=32&salary=2000,176,0,81
1663414754214,177,object_info_3,200,OK,HW1_50 1-44,text,true,,525,166,45,45,http://162.55.220.72:5005/object_info_3?name=Elena&age=32&salary=2000,176,0,80
1663414754211,177,object_info_3,200,OK,HW1_50 1-15,text,true,,525,166,45,45,http://162.55.220.72:5005/object_info_3?name=Elena&age=32&salary=2000,177,0,81
1663414754221,164,object_info_4,200,OK,HW1_50 1-40,text,true,,237,166,45,45,http://162.55.220.72:5005/object_info_4?name=Elena&age=32&salary=2000,164,0,76
1663414754211,173,user_info_2,200,OK,HW1_50 1-31,text,true,,464,248,45,45,http://162.55.220.72:5005/user_info_2,173,0,80
1663414754213,168,object_info_3,200,OK,HW1_50 1-46,text,true,,525,166,45,45,http://162.55.220.72:5005/object_info_3?name=Elena&age=32&salary=2000,168,0,80
1663414754202,173,object_info_1,200,OK,HW1_50 1-24,text,true,,230,164,45,45,http://162.55.220.72:5005/object_info_1?name=Elena&age=32&weight=55,173,0,82
1663414754203,169,object_info_3,200,OK,HW1_50 1-45,text,true,,525,166,45,45,http://162.55.220.72:5005/object_info_3?name=Elena&age=32&salary=2000,169,0,81
1663414754202,170,object_info_2,200,OK,HW1_50 1-50,text,true,,464,166,45,45,http://162.55.220.72:5005/object_info_2?name=Elena&age=32&salary=2000,170,0,81
1663414754201,168,object_info_2,200,OK,HW1_50 1-49,text,true,,464,166,45,45,http://162.55.220.72:5005/object_info_2?name=Elena&age=32&salary=2000,168,0,81
1663414754178,166,object_info_3,200,OK,HW1_50 1-47,text,true,,525,166,45,45,http://162.55.220.72:5005/object_info_3?name=Elena&age=32&salary=2000,166,0,80
1663414754173,168,object_info_2,200,OK,HW1_50 1-18,text,true,,464,166,45,45,http://162.55.220.72:5005/object_info_2?name=Elena&age=32&salary=2000,168,0,81
1663414754082,201,object_info_3,200,OK,HW1_50 1-42,text,true,,525,166,45,45,http://162.55.220.72:5005/object_info_3?name=Elena&age=32&salary=2000,201,0,82
1663414754083,199,user_info_2,200,OK,HW1_50 1-30,text,true,,464,248,45,45,http://162.55.220.72:5005/user_info_2,199,0,82
1663414754078,192,object_info_2,200,OK,HW1_50 1-16,text,true,,464,166,45,45,http://162.55.220.72:5005/object_info_2?name=Elena&age=32&salary=2000,192,0,77
1663414754071,199,object_info_3,200,OK,HW1_50 1-11,text,true,,525,166,45,45,http://162.55.220.72:5005/object_info_3?name=Elena&age=32&salary=2000,199,0,83
1663414754070,201,get_method,200,OK,HW1_50 1-32,text,true,,169,151,45,45,http://162.55.220.72:5005/get_method?name=Elena&age=32,201,0,80
1663414754073,195,object_info_1,200,OK,HW1_50 1-21,text,true,,230,164,45,45,http://162.55.220.72:5005/object_info_1?name=Elena&age=32&weight=55,195,0,80
1663414754071,200,object_info_4,200,OK,HW1_50 1-38,text,true,,237,166,45,45,http://162.55.220.72:5005/object_info_4?name=Elena&age=32&salary=2000,200,0,84
1663414754076,198,object_info_3,200,OK,HW1_50 1-12,text,true,,525,166,45,45,http://162.55.220.72:5005/object_info_3?name=Elena&age=32&salary=2000,198,0,81
1663414754066,202,object_info_3,200,OK,HW1_50 1-41,text,true,,525,166,45,45,http://162.55.220.72:5005/object_info_3?name=Elena&age=32&salary=2000,202,0,83
1663414754061,204,object_info_3,200,OK,HW1_50 1-13,text,true,,525,166,45,45,http://162.55.220.72:5005/object_info_3?name=Elena&age=32&salary=2000,204,0,83
1663414754080,197,object_info_4,200,OK,HW1_50 1-7,text,true,,237,166,45,45,http://162.55.220.72:5005/object_info_4?name=Elena&age=32&salary=2000,197,0,82
1663414754074,190,object_info_4,200,OK,HW1_50 1-8,text,true,,237,166,45,45,http://162.55.220.72:5005/object_info_4?name=Elena&age=32&salary=2000,190,0,77
1663414754080,199,object_info_1,200,OK,HW1_50 1-19,text,true,,230,164,45,45,http://162.55.220.72:5005/object_info_1?name=Elena&age=32&weight=55,198,0,83
1663414754066,198,user_info_2,200,OK,HW1_50 1-28,text,true,,464,248,45,45,http://162.55.220.72:5005/user_info_2,198,0,80
1663414754064,198,object_info_4,200,OK,HW1_50 1-37,text,true,,237,166,45,45,http://162.55.220.72:5005/object_info_4?name=Elena&age=32&salary=2000,197,0,80
1663414754057,204,get_method,200,OK,HW1_50 1-33,text,true,,169,151,45,45,http://162.55.220.72:5005/get_method?name=Elena&age=32,204,0,83
1663414754062,198,user_info_2,200,OK,HW1_50 1-29,text,true,,464,248,45,45,http://162.55.220.72:5005/user_info_2,198,0,82
1663414754061,198,object_info_1,200,OK,HW1_50 1-20,text,true,,230,164,45,45,http://162.55.220.72:5005/object_info_1?name=Elena&age=32&weight=55,198,0,81
1663414754057,199,get_method,200,OK,HW1_50 1-34,text,true,,169,151,45,45,http://162.55.220.72:5005/get_method?name=Elena&age=32,199,0,83
1663414754057,197,object_info_3,200,OK,HW1_50 1-39,text,true,,525,166,45,45,http://162.55.220.72:5005/object_info_3?name=Elena&age=32&salary=2000,197,0,83
1663414754054,198,object_info_3,200,OK,HW1_50 1-10,text,true,,525,166,45,45,http://162.55.220.72:5005/object_info_3?name=Elena&age=32&salary=2000,198,0,83
1663414754056,194,user_info_3,200,OK,HW1_50 1-22,text,true,,370,248,45,45,http://162.55.220.72:5005/user_info_3,194,0,80
1663414754049,200,user_info_2,200,OK,HW1_50 1-23,text,true,,464,248,45,45,http://162.55.220.72:5005/user_info_2,200,0,83
1663414754046,202,object_info_4,200,OK,HW1_50 1-35,text,true,,237,166,45,45,http://162.55.220.72:5005/object_info_4?name=Elena&age=32&salary=2000,202,0,83
1663414754046,199,object_info_1,200,OK,HW1_50 1-17,text,true,,230,164,45,45,http://162.55.220.72:5005/object_info_1?name=Elena&age=32&weight=55,199,0,83
1663414754046,196,object_info_4,200,OK,HW1_50 1-6,text,true,,237,166,45,45,http://162.55.220.72:5005/object_info_4?name=Elena&age=32&salary=2000,196,0,82
1663414754045,196,object_info_3,200,OK,HW1_50 1-36,text,true,,525,166,45,45,http://162.55.220.72:5005/object_info_3?name=Elena&age=32&salary=2000,196,0,82
1663414754438,157,get_method,200,OK,HW1_50 1-40,text,true,,169,151,41,41,http://162.55.220.72:5005/get_method?name=Elena&age=32,157,0,76
1663414754438,160,user_info_3,200,OK,HW1_50 1-31,text,true,,370,248,41,41,http://162.55.220.72:5005/user_info_3,160,0,78
1663414754441,161,object_info_2,200,OK,HW1_50 1-19,text,true,,464,166,41,41,http://162.55.220.72:5005/object_info_2?name=Elena&age=32&salary=2000,161,0,76
1663414754436,167,object_info_3,200,OK,HW1_50 1-48,text,true,,525,166,41,41,http://162.55.220.72:5005/object_info_3?name=Elena&age=32&salary=2000,167,0,81
1663414754436,171,object_info_1,200,OK,HW1_50 1-27,text,true,,230,164,41,41,http://162.55.220.72:5005/object_info_1?name=Elena&age=32&weight=55,171,0,82
1663414754437,173,object_info_1,200,OK,HW1_50 1-25,text,true,,230,164,41,41,http://162.55.220.72:5005/object_info_1?name=Elena&age=32&weight=55,173,0,82
1663414754436,174,object_info_4,200,OK,HW1_50 1-43,text,true,,237,166,41,41,http://162.55.220.72:5005/object_info_4?name=Elena&age=32&salary=2000,174,0,83
1663414754439,174,object_info_3,200,OK,HW1_50 1-50,text,true,,525,166,41,41,http://162.55.220.72:5005/object_info_3?name=Elena&age=32&salary=2000,174,0,81
1663414754436,177,object_info_1,200,OK,HW1_50 1-26,text,true,,230,164,41,41,http://162.55.220.72:5005/object_info_1?name=Elena&age=32&weight=55,177,0,83
1663414754439,179,object_info_3,200,OK,HW1_50 1-49,text,true,,525,166,41,41,http://162.55.220.72:5005/object_info_3?name=Elena&age=32&salary=2000,179,0,81
1663414754437,182,object_info_4,200,OK,HW1_50 1-44,text,true,,237,166,41,41,http://162.55.220.72:5005/object_info_4?name=Elena&age=32&salary=2000,182,0,83
1663414754437,183,object_info_4,200,OK,HW1_50 1-14,text,true,,237,166,41,41,http://162.55.220.72:5005/object_info_4?name=Elena&age=32&salary=2000,183,0,83
1663414754438,184,object_info_4,200,OK,HW1_50 1-15,text,true,,237,166,40,40,http://162.55.220.72:5005/object_info_4?name=Elena&age=32&salary=2000,184,0,82
1663414754439,184,object_info_3,200,OK,HW1_50 1-18,text,true,,525,166,39,39,http://162.55.220.72:5005/object_info_3?name=Elena&age=32&salary=2000,184,0,81
1663414754438,187,object_info_4,200,OK,HW1_50 1-46,text,true,,237,166,39,39,http://162.55.220.72:5005/object_info_4?name=Elena&age=32&salary=2000,187,0,83
1663414754440,186,object_info_4,200,OK,HW1_50 1-41,text,true,,237,166,39,39,http://162.55.220.72:5005/object_info_4?name=Elena&age=32&salary=2000,186,0,81
1663414754440,191,object_info_2,200,OK,HW1_50 1-21,text,true,,464,166,39,39,http://162.55.220.72:5005/object_info_2?name=Elena&age=32&salary=2000,191,0,81
1663414754440,191,object_info_4,200,OK,HW1_50 1-11,text,true,,237,166,39,39,http://162.55.220.72:5005/object_info_4?name=Elena&age=32&salary=2000,191,0,81
1663414754440,191,object_info_4,200,OK,HW1_50 1-12,text,true,,237,166,38,38,http://162.55.220.72:5005/object_info_4?name=Elena&age=32&salary=2000,191,0,81
1663414754439,196,object_info_2,200,OK,HW1_50 1-24,text,true,,464,166,37,37,http://162.55.220.72:5005/object_info_2?name=Elena&age=32&salary=2000,195,0,83
1663414754439,197,object_info_4,200,OK,HW1_50 1-47,text,true,,237,166,37,37,http://162.55.220.72:5005/object_info_4?name=Elena&age=32&salary=2000,197,0,83
1663414754440,197,get_method,200,OK,HW1_50 1-38,text,true,,169,151,37,37,http://162.55.220.72:5005/get_method?name=Elena&age=32,197,0,82
1663414754441,197,object_info_4,200,OK,HW1_50 1-39,text,true,,237,166,37,37,http://162.55.220.72:5005/object_info_4?name=Elena&age=32&salary=2000,197,0,81
1663414754439,201,object_info_4,200,OK,HW1_50 1-45,text,true,,237,166,37,37,http://162.55.220.72:5005/object_info_4?name=Elena&age=32&salary=2000,201,0,83
1663414754441,200,user_info_3,200,OK,HW1_50 1-28,text,true,,370,248,37,37,http://162.55.220.72:5005/user_info_3,200,0,81
1663414754440,202,object_info_3,200,OK,HW1_50 1-16,text,true,,525,166,37,37,http://162.55.220.72:5005/object_info_3?name=Elena&age=32&salary=2000,202,0,83
1663414754442,203,object_info_4,200,OK,HW1_50 1-36,text,true,,237,166,37,37,http://162.55.220.72:5005/object_info_4?name=Elena&age=32&salary=2000,203,0,81
1663414754439,206,object_info_4,200,OK,HW1_50 1-42,text,true,,237,166,37,37,http://162.55.220.72:5005/object_info_4?name=Elena&age=32&salary=2000,206,0,84
1663414754441,208,object_info_4,200,OK,HW1_50 1-10,text,true,,237,166,37,37,http://162.55.220.72:5005/object_info_4?name=Elena&age=32&salary=2000,208,0,82
1663414754440,209,user_info_3,200,OK,HW1_50 1-30,text,true,,370,248,37,37,http://162.55.220.72:5005/user_info_3,209,0,83
1663414754442,208,object_info_1,200,OK,HW1_50 1-22,text,true,,230,164,36,36,http://162.55.220.72:5005/object_info_1?name=Elena&age=32&weight=55,208,0,82
1663414754442,210,get_method,200,OK,HW1_50 1-35,text,true,,169,151,36,36,http://162.55.220.72:5005/get_method?name=Elena&age=32,210,0,82
1663414754440,213,user_info_2,200,OK,HW1_50 1-32,text,true,,464,248,36,36,http://162.55.220.72:5005/user_info_2,213,0,85
1663414754441,214,user_info_2,200,OK,HW1_50 1-33,text,true,,464,248,36,36,http://162.55.220.72:5005/user_info_2,214,0,83
1663414754441,217,user_info_3,200,OK,HW1_50 1-29,text,true,,370,248,36,36,http://162.55.220.72:5005/user_info_3,216,0,84
1663414754440,218,object_info_4,200,OK,HW1_50 1-13,text,true,,237,166,36,36,http://162.55.220.72:5005/object_info_4?name=Elena&age=32&salary=2000,217,0,84
1663414754441,219,object_info_2,200,OK,HW1_50 1-20,text,true,,464,166,35,35,http://162.55.220.72:5005/object_info_2?name=Elena&age=32&salary=2000,219,0,84
1663414754441,219,user_info_2,200,OK,HW1_50 1-34,text,true,,464,248,35,35,http://162.55.220.72:5005/user_info_2,219,0,84
1663414754442,221,object_info_2,200,OK,HW1_50 1-17,text,true,,464,166,35,35,http://162.55.220.72:5005/object_info_2?name=Elena&age=32&salary=2000,221,0,83
1663414754441,224,get_method,200,OK,HW1_50 1-37,text,true,,169,151,35,35,http://162.55.220.72:5005/get_method?name=Elena&age=32,224,0,84
1663414754442,223,user_info_3,200,OK,HW1_50 1-23,text,true,,370,248,35,35,http://162.55.220.72:5005/user_info_3,223,0,83
1663414754665,183,object_info_1,200,OK,HW1_50 1-23,text,true,,230,164,35,35,http://162.55.220.72:5005/object_info_1?name=Elena&age=32&weight=55,183,0,82
1663414754663,183,object_info_3,200,OK,HW1_50 1-17,text,true,,525,166,35,35,http://162.55.220.72:5005/object_info_3?name=Elena&age=32&salary=2000,183,0,82
1663414754665,180,user_info_2,200,OK,HW1_50 1-37,text,true,,464,248,35,35,http://162.55.220.72:5005/user_info_2,180,0,81
1663414754660,184,object_info_3,200,OK,HW1_50 1-20,text,true,,525,166,35,35,http://162.55.220.72:5005/object_info_3?name=Elena&age=32&salary=2000,184,0,83
1663414754660,182,user_info_3,200,OK,HW1_50 1-34,text,true,,370,248,35,35,http://162.55.220.72:5005/user_info_3,182,0,81
1663414754655,186,user_info_3,200,OK,HW1_50 1-33,text,true,,370,248,35,35,http://162.55.220.72:5005/user_info_3,186,0,82
1663414754654,184,user_info_3,200,OK,HW1_50 1-32,text,true,,370,248,35,35,http://162.55.220.72:5005/user_info_3,184,0,81
1663414754652,184,user_info_2,200,OK,HW1_50 1-35,text,true,,464,248,35,35,http://162.55.220.72:5005/user_info_2,184,0,82
1663414754646,189,get_method,200,OK,HW1_50 1-42,text,true,,169,151,35,35,http://162.55.220.72:5005/get_method?name=Elena&age=32,189,0,82
1663414754649,185,object_info_1,200,OK,HW1_50 1-30,text,true,,230,164,35,35,http://162.55.220.72:5005/object_info_1?name=Elena&age=32&weight=55,185,0,83
1663414754641,190,object_info_1,200,OK,HW1_50 1-28,text,true,,230,164,35,35,http://162.55.220.72:5005/object_info_1?name=Elena&age=32&weight=55,190,0,83
1663414754658,172,object_info_1,200,OK,HW1_50 1-29,text,true,,230,164,35,35,http://162.55.220.72:5005/object_info_1?name=Elena&age=32&weight=55,172,0,76
1663414754650,179,object_info_2,200,OK,HW1_50 1-22,text,true,,464,166,35,35,http://162.55.220.72:5005/object_info_2?name=Elena&age=32&salary=2000,179,0,80
1663414754645,183,get_method,200,OK,HW1_50 1-36,text,true,,169,151,35,35,http://162.55.220.72:5005/get_method?name=Elena&age=32,183,0,81
1663414754640,186,get_method,200,OK,HW1_50 1-45,text,true,,169,151,35,35,http://162.55.220.72:5005/get_method?name=Elena&age=32,186,0,83
1663414754639,185,get_method,200,OK,HW1_50 1-39,text,true,,169,151,35,35,http://162.55.220.72:5005/get_method?name=Elena&age=32,185,0,83
1663414754642,180,object_info_4,200,OK,HW1_50 1-16,text,true,,237,166,35,35,http://162.55.220.72:5005/object_info_4?name=Elena&age=32&salary=2000,180,0,80
1663414754635,186,object_info_3,200,OK,HW1_50 1-24,text,true,,525,166,35,35,http://162.55.220.72:5005/object_info_3?name=Elena&age=32&salary=2000,186,0,80
1663414754636,183,get_method,200,OK,HW1_50 1-47,text,true,,169,151,35,35,http://162.55.220.72:5005/get_method?name=Elena&age=32,183,0,82
1663414754631,185,object_info_3,200,OK,HW1_50 1-21,text,true,,525,166,35,35,http://162.55.220.72:5005/object_info_3?name=Elena&age=32&salary=2000,185,0,82
1663414754624,188,object_info_4,200,OK,HW1_50 1-18,text,true,,237,166,35,35,http://162.55.220.72:5005/object_info_4?name=Elena&age=32&salary=2000,188,0,83
1663414754627,185,get_method,200,OK,HW1_50 1-41,text,true,,169,151,35,35,http://162.55.220.72:5005/get_method?name=Elena&age=32,185,0,82
1663414754637,174,user_info_2,200,OK,HW1_50 1-38,text,true,,464,248,35,35,http://162.55.220.72:5005/user_info_2,173,0,77
1663414754625,184,get_method,200,OK,HW1_50 1-46,text,true,,169,151,35,35,http://162.55.220.72:5005/get_method?name=Elena&age=32,184,0,81
1663414754613,190,object_info_4,200,OK,HW1_50 1-50,text,true,,237,166,35,35,http://162.55.220.72:5005/object_info_4?name=Elena&age=32&salary=2000,190,0,83
1663414754619,184,get_method,200,OK,HW1_50 1-44,text,true,,169,151,35,35,http://162.55.220.72:5005/get_method?name=Elena&age=32,184,0,80
1663414754610,187,object_info_2,200,OK,HW1_50 1-25,text,true,,464,166,35,35,http://162.55.220.72:5005/object_info_2?name=Elena&age=32&salary=2000,187,0,82
1663414754614,182,object_info_2,200,OK,HW1_50 1-26,text,true,,464,166,35,35,http://162.55.220.72:5005/object_info_2?name=Elena&age=32&salary=2000,182,0,80
1663414754618,177,object_info_4,200,OK,HW1_50 1-49,text,true,,237,166,35,35,http://162.55.220.72:5005/object_info_4?name=Elena&age=32&salary=2000,177,0,77
1663414754610,175,get_method,200,OK,HW1_50 1-43,text,true,,169,151,35,35,http://162.55.220.72:5005/get_method?name=Elena&age=32,175,0,80
1663414754607,178,object_info_2,200,OK,HW1_50 1-27,text,true,,464,166,35,35,http://162.55.220.72:5005/object_info_2?name=Elena&age=32&salary=2000,178,0,80
1663414754602,177,object_info_3,200,OK,HW1_50 1-19,text,true,,525,166,35,35,http://162.55.220.72:5005/object_info_3?name=Elena&age=32&salary=2000,177,0,84
1663414754603,170,object_info_4,200,OK,HW1_50 1-48,text,true,,237,166,35,35,http://162.55.220.72:5005/object_info_4?name=Elena&age=32&salary=2000,170,0,81
1663414754598,175,object_info_1,200,OK,HW1_50 1-31,text,true,,230,164,35,35,http://162.55.220.72:5005/object_info_1?name=Elena&age=32&weight=55,175,0,82
1663414754595,176,user_info_2,200,OK,HW1_50 1-40,text,true,,464,248,35,35,http://162.55.220.72:5005/user_info_2,176,0,85
1663414754902,173,get_method,200,OK,HW1_50 1-49,text,true,,169,151,33,33,http://162.55.220.72:5005/get_method?name=Elena&age=32,173,0,77
1663414754901,177,user_info_2,200,OK,HW1_50 1-46,text,true,,464,248,33,33,http://162.55.220.72:5005/user_info_2,177,0,76
1663414754898,182,user_info_3,200,OK,HW1_50 1-37,text,true,,370,248,33,33,http://162.55.220.72:5005/user_info_3,182,0,81
1663414754898,192,object_info_4,200,OK,HW1_50 1-17,text,true,,237,166,33,33,http://162.55.220.72:5005/object_info_4?name=Elena&age=32&salary=2000,192,0,82
1663414754898,192,object_info_1,200,OK,HW1_50 1-33,text,true,,230,164,33,33,http://162.55.220.72:5005/object_info_1?name=Elena&age=32&weight=55,192,0,82
1663414754898,196,object_info_1,200,OK,HW1_50 1-34,text,true,,230,164,32,32,http://162.55.220.72:5005/object_info_1?name=Elena&age=32&weight=55,196,0,82
1663414754899,195,user_info_3,200,OK,HW1_50 1-35,text,true,,370,248,32,32,http://162.55.220.72:5005/user_info_3,195,0,81
1663414754899,196,object_info_2,200,OK,HW1_50 1-29,text,true,,464,166,32,32,http://162.55.220.72:5005/object_info_2?name=Elena&age=32&salary=2000,196,0,81
1663414754899,200,user_info_2,200,OK,HW1_50 1-42,text,true,,464,248,32,32,http://162.55.220.72:5005/user_info_2,200,0,81
1663414754899,201,object_info_2,200,OK,HW1_50 1-28,text,true,,464,166,32,32,http://162.55.220.72:5005/object_info_2?name=Elena&age=32&salary=2000,201,0,81
1663414754898,245,object_info_2,200,OK,HW1_50 1-23,text,true,,464,166,32,32,http://162.55.220.72:5005/object_info_2?name=Elena&age=32&salary=2000,245,0,82
1663414754900,244,user_info_2,200,OK,HW1_50 1-39,text,true,,464,248,32,32,http://162.55.220.72:5005/user_info_2,244,0,82
1663414754902,244,user_info_2,200,OK,HW1_50 1-43,text,true,,464,248,32,32,http://162.55.220.72:5005/user_info_2,244,0,81
1663414754899,247,user_info_2,200,OK,HW1_50 1-45,text,true,,464,248,32,32,http://162.55.220.72:5005/user_info_2,247,0,82
1663414754901,246,user_info_2,200,OK,HW1_50 1-44,text,true,,464,248,32,32,http://162.55.220.72:5005/user_info_2,246,0,81
1663414754902,245,object_info_4,200,OK,HW1_50 1-19,text,true,,237,166,32,32,http://162.55.220.72:5005/object_info_4?name=Elena&age=32&salary=2000,245,0,81
1663414754899,251,object_info_2,200,OK,HW1_50 1-30,text,true,,464,166,31,31,http://162.55.220.72:5005/object_info_2?name=Elena&age=32&salary=2000,251,0,83
1663414754900,251,object_info_4,200,OK,HW1_50 1-21,text,true,,237,166,31,31,http://162.55.220.72:5005/object_info_4?name=Elena&age=32&salary=2000,251,0,82
1663414754900,252,user_info_3,200,OK,HW1_50 1-38,text,true,,370,248,30,30,http://162.55.220.72:5005/user_info_3,252,0,82
1663414754898,255,object_info_4,200,OK,HW1_50 1-20,text,true,,237,166,30,30,http://162.55.220.72:5005/object_info_4?name=Elena&age=32&salary=2000,255,0,84
1663414754903,251,object_info_2,200,OK,HW1_50 1-31,text,true,,464,166,29,29,http://162.55.220.72:5005/object_info_2?name=Elena&age=32&salary=2000,251,0,84
1663414754900,254,object_info_4,200,OK,HW1_50 1-24,text,true,,237,166,29,29,http://162.55.220.72:5005/object_info_4?name=Elena&age=32&salary=2000,254,0,83
1663414754900,256,user_info_2,200,OK,HW1_50 1-47,text,true,,464,248,28,28,http://162.55.220.72:5005/user_info_2,255,0,84
1663414754902,254,object_info_3,200,OK,HW1_50 1-27,text,true,,525,166,28,28,http://162.55.220.72:5005/object_info_3?name=Elena&age=32&salary=2000,254,0,81
1663414754903,254,user_info_3,200,OK,HW1_50 1-40,text,true,,370,248,28,28,http://162.55.220.72:5005/user_info_3,254,0,84
1663414754901,257,object_info_3,200,OK,HW1_50 1-25,text,true,,525,166,28,28,http://162.55.220.72:5005/object_info_3?name=Elena&age=32&salary=2000,257,0,82
1663414754898,260,object_info_1,200,OK,HW1_50 1-32,text,true,,230,164,28,28,http://162.55.220.72:5005/object_info_1?name=Elena&age=32&weight=55,260,0,84
1663414754901,259,object_info_3,200,OK,HW1_50 1-26,text,true,,525,166,28,28,http://162.55.220.72:5005/object_info_3?name=Elena&age=32&salary=2000,258,0,85
1663414754901,259,get_method,200,OK,HW1_50 1-50,text,true,,169,151,28,28,http://162.55.220.72:5005/get_method?name=Elena&age=32,259,0,82
1663414754899,261,object_info_3,200,OK,HW1_50 1-22,text,true,,525,166,28,28,http://162.55.220.72:5005/object_info_3?name=Elena&age=32&salary=2000,261,0,84
1663414754902,259,get_method,200,OK,HW1_50 1-48,text,true,,169,151,28,28,http://162.55.220.72:5005/get_method?name=Elena&age=32,259,0,85
1663414754900,261,user_info_2,200,OK,HW1_50 1-41,text,true,,464,248,28,28,http://162.55.220.72:5005/user_info_2,261,0,84
1663414754899,263,user_info_2,200,OK,HW1_50 1-36,text,true,,464,248,28,28,http://162.55.220.72:5005/user_info_2,263,0,84
1663414755160,196,object_info_4,200,OK,HW1_50 1-22,text,true,,237,166,28,28,http://162.55.220.72:5005/object_info_4?name=Elena&age=32&salary=2000,196,0,84
1663414755162,192,user_info_3,200,OK,HW1_50 1-36,text,true,,370,248,28,28,http://162.55.220.72:5005/user_info_3,192,0,83
1663414755161,193,user_info_2,200,OK,HW1_50 1-48,text,true,,464,248,28,28,http://162.55.220.72:5005/user_info_2,193,0,83
1663414755160,193,user_info_2,200,OK,HW1_50 1-50,text,true,,464,248,28,28,http://162.55.220.72:5005/user_info_2,193,0,83
1663414755161,188,user_info_3,200,OK,HW1_50 1-41,text,true,,370,248,28,28,http://162.55.220.72:5005/user_info_3,188,0,82
1663414755160,188,object_info_4,200,OK,HW1_50 1-26,text,true,,237,166,28,28,http://162.55.220.72:5005/object_info_4?name=Elena&age=32&salary=2000,188,0,82
1663414755158,189,object_info_2,200,OK,HW1_50 1-32,text,true,,464,166,28,28,http://162.55.220.72:5005/object_info_2?name=Elena&age=32&salary=2000,189,0,84
1663414755158,188,object_info_4,200,OK,HW1_50 1-25,text,true,,237,166,28,28,http://162.55.220.72:5005/object_info_4?name=Elena&age=32&salary=2000,188,0,81
1663414755157,183,object_info_1,200,OK,HW1_50 1-40,text,true,,230,164,28,28,http://162.55.220.72:5005/object_info_1?name=Elena&age=32&weight=55,183,0,82
1663414755156,181,object_info_4,200,OK,HW1_50 1-27,text,true,,237,166,28,28,http://162.55.220.72:5005/object_info_4?name=Elena&age=32&salary=2000,181,0,82
1663414755154,179,object_info_3,200,OK,HW1_50 1-31,text,true,,525,166,28,28,http://162.55.220.72:5005/object_info_3?name=Elena&age=32&salary=2000,179,0,82
1663414755156,177,user_info_3,200,OK,HW1_50 1-47,text,true,,370,248,28,28,http://162.55.220.72:5005/user_info_3,177,0,82
1663414755152,176,object_info_1,200,OK,HW1_50 1-38,text,true,,230,164,28,28,http://162.55.220.72:5005/object_info_1?name=Elena&age=32&weight=55,176,0,83
1663414755146,179,user_info_3,200,OK,HW1_50 1-45,text,true,,370,248,28,28,http://162.55.220.72:5005/user_info_3,179,0,83
1663414755150,173,object_info_3,200,OK,HW1_50 1-30,text,true,,525,166,28,28,http://162.55.220.72:5005/object_info_3?name=Elena&age=32&salary=2000,173,0,81
1663414755147,173,user_info_3,200,OK,HW1_50 1-44,text,true,,370,248,28,28,http://162.55.220.72:5005/user_info_3,173,0,82
1663414755146,165,user_info_3,200,OK,HW1_50 1-43,text,true,,370,248,28,28,http://162.55.220.72:5005/user_info_3,165,0,81
1663414755143,164,object_info_3,200,OK,HW1_50 1-23,text,true,,525,166,28,28,http://162.55.220.72:5005/object_info_3?name=Elena&age=32&salary=2000,164,0,80
1663414755144,159,user_info_3,200,OK,HW1_50 1-39,text,true,,370,248,28,28,http://162.55.220.72:5005/user_info_3,159,0,76
1663414755099,172,user_info_3,200,OK,HW1_50 1-42,text,true,,370,248,28,28,http://162.55.220.72:5005/user_info_3,172,0,81
1663414755100,170,object_info_3,200,OK,HW1_50 1-28,text,true,,525,166,28,28,http://162.55.220.72:5005/object_info_3?name=Elena&age=32&salary=2000,170,0,80
1663414755094,172,object_info_1,200,OK,HW1_50 1-35,text,true,,230,164,28,28,http://162.55.220.72:5005/object_info_1?name=Elena&age=32&weight=55,172,0,82
1663414755095,165,object_info_3,200,OK,HW1_50 1-29,text,true,,525,166,28,28,http://162.55.220.72:5005/object_info_3?name=Elena&age=32&salary=2000,165,0,80
1663414755090,168,object_info_2,200,OK,HW1_50 1-33,text,true,,464,166,28,28,http://162.55.220.72:5005/object_info_2?name=Elena&age=32&salary=2000,168,0,81
1663414755094,162,object_info_2,200,OK,HW1_50 1-34,text,true,,464,166,28,28,http://162.55.220.72:5005/object_info_2?name=Elena&age=32&salary=2000,162,0,77
1663414755078,177,user_info_3,200,OK,HW1_50 1-46,text,true,,370,248,28,28,http://162.55.220.72:5005/user_info_3,177,0,84
1663414755081,172,object_info_1,200,OK,HW1_50 1-37,text,true,,230,164,28,28,http://162.55.220.72:5005/object_info_1?name=Elena&age=32&weight=55,172,0,84
1663414755075,171,user_info_2,200,OK,HW1_50 1-49,text,true,,464,248,28,28,http://162.55.220.72:5005/user_info_2,171,0,80
1663414755423,158,object_info_4,200,OK,HW1_50 1-28,text,true,,237,166,24,24,http://162.55.220.72:5005/object_info_4?name=Elena&age=32&salary=2000,158,0,77
1663414755421,170,object_info_1,200,OK,HW1_50 1-36,text,true,,230,164,23,23,http://162.55.220.72:5005/object_info_1?name=Elena&age=32&weight=55,170,0,81
1663414755422,173,object_info_1,200,OK,HW1_50 1-47,text,true,,230,164,23,23,http://162.55.220.72:5005/object_info_1?name=Elena&age=32&weight=55,173,0,80
1663414755421,178,user_info_3,200,OK,HW1_50 1-50,text,true,,370,248,23,23,http://162.55.220.72:5005/user_info_3,178,0,81
1663414755421,183,user_info_3,200,OK,HW1_50 1-48,text,true,,370,248,23,23,http://162.55.220.72:5005/user_info_3,183,0,82
1663414755422,182,object_info_4,200,OK,HW1_50 1-31,text,true,,237,166,23,23,http://162.55.220.72:5005/object_info_4?name=Elena&age=32&salary=2000,182,0,81
1663414755422,186,object_info_1,200,OK,HW1_50 1-45,text,true,,230,164,22,22,http://162.55.220.72:5005/object_info_1?name=Elena&age=32&weight=55,186,0,82
1663414755423,192,object_info_4,200,OK,HW1_50 1-23,text,true,,237,166,22,22,http://162.55.220.72:5005/object_info_4?name=Elena&age=32&salary=2000,192,0,81
1663414755423,195,object_info_2,200,OK,HW1_50 1-35,text,true,,464,166,21,21,http://162.55.220.72:5005/object_info_2?name=Elena&age=32&salary=2000,194,0,81
1663414755422,198,object_info_4,200,OK,HW1_50 1-30,text,true,,237,166,21,21,http://162.55.220.72:5005/object_info_4?name=Elena&age=32&salary=2000,198,0,82
1663414755423,198,object_info_1,200,OK,HW1_50 1-44,text,true,,230,164,20,20,http://162.55.220.72:5005/object_info_1?name=Elena&age=32&weight=55,198,0,82
1663414755422,200,object_info_3,200,OK,HW1_50 1-32,text,true,,525,166,20,20,http://162.55.220.72:5005/object_info_3?name=Elena&age=32&salary=2000,200,0,83
1663414755421,201,object_info_1,200,OK,HW1_50 1-41,text,true,,230,164,20,20,http://162.55.220.72:5005/object_info_1?name=Elena&age=32&weight=55,201,0,84
1663414755424,199,object_info_3,200,OK,HW1_50 1-34,text,true,,525,166,20,20,http://162.55.220.72:5005/object_info_3?name=Elena&age=32&salary=2000,199,0,81
1663414755422,203,object_info_2,200,OK,HW1_50 1-40,text,true,,464,166,20,20,http://162.55.220.72:5005/object_info_2?name=Elena&age=32&salary=2000,203,0,84
1663414755424,203,object_info_1,200,OK,HW1_50 1-46,text,true,,230,164,20,20,http://162.55.220.72:5005/object_info_1?name=Elena&age=32&weight=55,203,0,81
1663414755424,204,object_info_2,200,OK,HW1_50 1-37,text,true,,464,166,20,20,http://162.55.220.72:5005/object_info_2?name=Elena&age=32&salary=2000,204,0,82
1663414755422,208,object_info_2,200,OK,HW1_50 1-38,text,true,,464,166,20,20,http://162.55.220.72:5005/object_info_2?name=Elena&age=32&salary=2000,208,0,84
1663414755424,207,user_info_3,200,OK,HW1_50 1-49,text,true,,370,248,20,20,http://162.55.220.72:5005/user_info_3,206,0,82
1663414755423,212,object_info_1,200,OK,HW1_50 1-43,text,true,,230,164,20,20,http://162.55.220.72:5005/object_info_1?name=Elena&age=32&weight=55,212,0,83
1663414755423,213,object_info_1,200,OK,HW1_50 1-42,text,true,,230,164,20,20,http://162.55.220.72:5005/object_info_1?name=Elena&age=32&weight=55,213,0,84
1663414755423,214,object_info_3,200,OK,HW1_50 1-33,text,true,,525,166,20,20,http://162.55.220.72:5005/object_info_3?name=Elena&age=32&salary=2000,214,0,84
1663414755423,216,object_info_1,200,OK,HW1_50 1-39,text,true,,230,164,20,20,http://162.55.220.72:5005/object_info_1?name=Elena&age=32&weight=55,215,0,84
1663414755423,217,object_info_4,200,OK,HW1_50 1-29,text,true,,237,166,20,20,http://162.55.220.72:5005/object_info_4?name=Elena&age=32&salary=2000,217,0,85
1663414755639,188,object_info_2,200,OK,HW1_50 1-39,text,true,,464,166,19,19,http://162.55.220.72:5005/object_info_2?name=Elena&age=32&salary=2000,188,0,81
1663414755635,194,object_info_2,200,OK,HW1_50 1-43,text,true,,464,166,19,19,http://162.55.220.72:5005/object_info_2?name=Elena&age=32&salary=2000,194,0,83
1663414755636,190,object_info_2,200,OK,HW1_50 1-42,text,true,,464,166,19,19,http://162.55.220.72:5005/object_info_2?name=Elena&age=32&salary=2000,190,0,82
1663414755631,191,object_info_1,200,OK,HW1_50 1-49,text,true,,230,164,19,19,http://162.55.220.72:5005/object_info_1?name=Elena&age=32&weight=55,191,0,82
1663414755628,194,object_info_3,200,OK,HW1_50 1-37,text,true,,525,166,19,19,http://162.55.220.72:5005/object_info_3?name=Elena&age=32&salary=2000,194,0,84
1663414755624,198,object_info_4,200,OK,HW1_50 1-34,text,true,,237,166,19,19,http://162.55.220.72:5005/object_info_4?name=Elena&age=32&salary=2000,198,0,82
1663414755630,191,object_info_3,200,OK,HW1_50 1-38,text,true,,525,166,19,19,http://162.55.220.72:5005/object_info_3?name=Elena&age=32&salary=2000,191,0,82
1663414755637,184,object_info_4,200,OK,HW1_50 1-33,text,true,,237,166,19,19,http://162.55.220.72:5005/object_info_4?name=Elena&age=32&salary=2000,183,0,81
1663414755625,185,object_info_3,200,OK,HW1_50 1-40,text,true,,525,166,19,19,http://162.55.220.72:5005/object_info_3?name=Elena&age=32&salary=2000,185,0,80
1663414755627,174,object_info_2,200,OK,HW1_50 1-46,text,true,,464,166,19,19,http://162.55.220.72:5005/object_info_2?name=Elena&age=32&salary=2000,174,0,77
1663414755622,175,object_info_4,200,OK,HW1_50 1-32,text,true,,237,166,19,19,http://162.55.220.72:5005/object_info_4?name=Elena&age=32&salary=2000,175,0,80
1663414755621,173,object_info_2,200,OK,HW1_50 1-44,text,true,,464,166,19,19,http://162.55.220.72:5005/object_info_2?name=Elena&age=32&salary=2000,173,0,81
1663414755618,175,object_info_3,200,OK,HW1_50 1-35,text,true,,525,166,19,19,http://162.55.220.72:5005/object_info_3?name=Elena&age=32&salary=2000,175,0,81
1663414755623,167,object_info_2,200,OK,HW1_50 1-41,text,true,,464,166,19,19,http://162.55.220.72:5005/object_info_2?name=Elena&age=32&salary=2000,166,0,76
1663414755608,165,object_info_2,200,OK,HW1_50 1-45,text,true,,464,166,19,19,http://162.55.220.72:5005/object_info_2?name=Elena&age=32&salary=2000,165,0,80
1663414755604,169,object_info_1,200,OK,HW1_50 1-48,text,true,,230,164,19,19,http://162.55.220.72:5005/object_info_1?name=Elena&age=32&weight=55,168,0,82
1663414755599,170,object_info_1,200,OK,HW1_50 1-50,text,true,,230,164,19,19,http://162.55.220.72:5005/object_info_1?name=Elena&age=32&weight=55,170,0,83
1663414755595,174,object_info_2,200,OK,HW1_50 1-47,text,true,,464,166,19,19,http://162.55.220.72:5005/object_info_2?name=Elena&age=32&salary=2000,174,0,82
1663414755591,164,object_info_2,200,OK,HW1_50 1-36,text,true,,464,166,19,19,http://162.55.220.72:5005/object_info_2?name=Elena&age=32&salary=2000,164,0,80
1663414755889,161,object_info_2,200,OK,HW1_50 1-50,text,true,,464,166,16,16,http://162.55.220.72:5005/object_info_2?name=Elena&age=32&salary=2000,161,0,76
1663414755886,169,object_info_3,200,OK,HW1_50 1-42,text,true,,525,166,16,16,http://162.55.220.72:5005/object_info_3?name=Elena&age=32&salary=2000,169,0,81
1663414755887,177,object_info_4,200,OK,HW1_50 1-37,text,true,,237,166,16,16,http://162.55.220.72:5005/object_info_4?name=Elena&age=32&salary=2000,177,0,81
1663414755886,181,object_info_3,200,OK,HW1_50 1-43,text,true,,525,166,15,15,http://162.55.220.72:5005/object_info_3?name=Elena&age=32&salary=2000,181,0,81
1663414755888,182,object_info_4,200,OK,HW1_50 1-35,text,true,,237,166,15,15,http://162.55.220.72:5005/object_info_4?name=Elena&age=32&salary=2000,182,0,81
1663414755887,185,object_info_4,200,OK,HW1_50 1-40,text,true,,237,166,14,14,http://162.55.220.72:5005/object_info_4?name=Elena&age=32&salary=2000,185,0,82
1663414755889,185,object_info_3,200,OK,HW1_50 1-47,text,true,,525,166,13,13,http://162.55.220.72:5005/object_info_3?name=Elena&age=32&salary=2000,185,0,80
1663414755886,190,object_info_2,200,OK,HW1_50 1-49,text,true,,464,166,13,13,http://162.55.220.72:5005/object_info_2?name=Elena&age=32&salary=2000,189,0,83
1663414755888,189,object_info_3,200,OK,HW1_50 1-45,text,true,,525,166,13,13,http://162.55.220.72:5005/object_info_3?name=Elena&age=32&salary=2000,189,0,81
1663414755889,189,object_info_3,200,OK,HW1_50 1-36,text,true,,525,166,13,13,http://162.55.220.72:5005/object_info_3?name=Elena&age=32&salary=2000,189,0,81
1663414755886,193,object_info_3,200,OK,HW1_50 1-39,text,true,,525,166,13,13,http://162.55.220.72:5005/object_info_3?name=Elena&age=32&salary=2000,193,0,83
1663414755888,193,object_info_3,200,OK,HW1_50 1-41,text,true,,525,166,13,13,http://162.55.220.72:5005/object_info_3?name=Elena&age=32&salary=2000,193,0,82
1663414755888,193,object_info_3,200,OK,HW1_50 1-44,text,true,,525,166,13,13,http://162.55.220.72:5005/object_info_3?name=Elena&age=32&salary=2000,193,0,82
1663414755887,202,object_info_3,200,OK,HW1_50 1-46,text,true,,525,166,13,13,http://162.55.220.72:5005/object_info_3?name=Elena&age=32&salary=2000,202,0,84
1663414755888,202,object_info_2,200,OK,HW1_50 1-48,text,true,,464,166,13,13,http://162.55.220.72:5005/object_info_2?name=Elena&age=32&salary=2000,202,0,84
1663414755887,203,object_info_4,200,OK,HW1_50 1-38,text,true,,237,166,13,13,http://162.55.220.72:5005/object_info_4?name=Elena&age=32&salary=2000,203,0,84
1663414756050,166,object_info_3,200,OK,HW1_50 1-50,text,true,,525,166,12,12,http://162.55.220.72:5005/object_info_3?name=Elena&age=32&salary=2000,166,0,81
1663414756055,167,object_info_4,200,OK,HW1_50 1-42,text,true,,237,166,12,12,http://162.55.220.72:5005/object_info_4?name=Elena&age=32&salary=2000,166,0,81
1663414756067,171,object_info_4,200,OK,HW1_50 1-43,text,true,,237,166,11,11,http://162.55.220.72:5005/object_info_4?name=Elena&age=32&salary=2000,171,0,83
1663414756075,172,object_info_4,200,OK,HW1_50 1-47,text,true,,237,166,10,10,http://162.55.220.72:5005/object_info_4?name=Elena&age=32&salary=2000,172,0,81
1663414756076,174,object_info_3,200,OK,HW1_50 1-49,text,true,,525,166,9,9,http://162.55.220.72:5005/object_info_3?name=Elena&age=32&salary=2000,174,0,82
1663414756250,169,object_info_4,200,OK,HW1_50 1-49,text,true,,237,166,9,9,http://162.55.220.72:5005/object_info_4?name=Elena&age=32&salary=2000,169,0,81
1663414756216,169,object_info_4,200,OK,HW1_50 1-50,text,true,,237,166,9,9,http://162.55.220.72:5005/object_info_4?name=Elena&age=32&salary=2000,169,0,81
1663414756090,172,object_info_4,200,OK,HW1_50 1-46,text,true,,237,166,9,9,http://162.55.220.72:5005/object_info_4?name=Elena&age=32&salary=2000,172,0,80
1663414756081,181,object_info_4,200,OK,HW1_50 1-41,text,true,,237,166,9,9,http://162.55.220.72:5005/object_info_4?name=Elena&age=32&salary=2000,181,0,82
1663414756081,180,object_info_4,200,OK,HW1_50 1-44,text,true,,237,166,9,9,http://162.55.220.72:5005/object_info_4?name=Elena&age=32&salary=2000,180,0,83
1663414756077,183,object_info_4,200,OK,HW1_50 1-45,text,true,,237,166,9,9,http://162.55.220.72:5005/object_info_4?name=Elena&age=32&salary=2000,183,0,84
1663414756090,166,object_info_3,200,OK,HW1_50 1-48,text,true,,525,166,9,9,http://162.55.220.72:5005/object_info_3?name=Elena&age=32&salary=2000,166,0,77
1663414756078,177,object_info_4,200,OK,HW1_50 1-36,text,true,,237,166,9,9,http://162.55.220.72:5005/object_info_4?name=Elena&age=32&salary=2000,177,0,82
1663414756079,172,object_info_4,200,OK,HW1_50 1-39,text,true,,237,166,9,9,http://162.55.220.72:5005/object_info_4?name=Elena&age=32&salary=2000,172,0,80
1663414756461,167,object_info_4,200,OK,HW1_50 1-48,text,true,,237,166,1,1,http://162.55.220.72:5005/object_info_4?name=Elena&age=32&salary=2000,167,0,81
